ds_id	Probe	Sample_Type	Sample_ID	Expression_Value	Standard_Deviation	Disease_State
5003	209602_s_at	HSC1 CD133+ CD34(dim)	HSC1 CD133+ CD34(dim) rep1	6.70495	0	healthy
5003	209602_s_at	HSC1 CD133+ CD34(dim)	HSC1 CD133+ CD34(dim) rep10	3.53871	0	healthy
5003	209602_s_at	HSC1 CD133+ CD34(dim)	HSC1 CD133+ CD34(dim) rep2	6.92878	0	healthy
5003	209602_s_at	HSC1 CD133+ CD34(dim)	HSC1 CD133+ CD34(dim) rep3	7.59483	0	Un-healthy
5003	209602_s_at	HSC1 CD133+ CD34(dim)	HSC1 CD133+ CD34(dim) rep4	7.8441	0	Un-healthy
5003	209602_s_at	HSC1 CD133+ CD34(dim)	HSC1 CD133+ CD34(dim) rep5	3.53246	0	Un-healthy
5003	209602_s_at	HSC1 CD133+ CD34(dim)	HSC1 CD133+ CD34(dim) rep6	5.0815	0	Un-healthy
5003	209602_s_at	HSC1 CD133+ CD34(dim)	HSC1 CD133+ CD34(dim) rep7	4.40908	0	healthy
5003	209602_s_at	HSC1 CD133+ CD34(dim)	HSC1 CD133+ CD34(dim) rep8	4.46144	0	healthy
5003	209602_s_at	HSC1 CD133+ CD34(dim)	HSC1 CD133+ CD34(dim) rep9	6.82905	0	healthy
5003	209602_s_at	HSC2 CD38- CD34+	HSC2 CD38- CD34+ rep1	4.42362	0	healthy
5003	209602_s_at	HSC2 CD38- CD34+	HSC2 CD38- CD34+ rep2	6.741	0	Un-healthy
5003	209602_s_at	HSC2 CD38- CD34+	HSC2 CD38- CD34+ rep3	7.74212	0	Un-healthy
5003	209602_s_at	HSC2 CD38- CD34+	HSC2 CD38- CD34+ rep4	5.33258	0	Un-healthy
5003	209602_s_at	CMP CD34+ CD38+ IL-3Ra(lo) CD45RA-	CMP CD34+ CD38+ IL-3Ra(lo) CD45RA- rep1	3.42989	0	Un-healthy
5003	209602_s_at	CMP CD34+ CD38+ IL-3Ra(lo) CD45RA-	CMP CD34+ CD38+ IL-3Ra(lo) CD45RA- rep2	3.7729	0	healthy
5003	209602_s_at	CMP CD34+ CD38+ IL-3Ra(lo) CD45RA-	CMP CD34+ CD38+ IL-3Ra(lo) CD45RA- rep3	1.59089	0	healthy
5003	209602_s_at	CMP CD34+ CD38+ IL-3Ra(lo) CD45RA-	CMP CD34+ CD38+ IL-3Ra(lo) CD45RA- rep4	2.81327	0	healthy
5003	209602_s_at	MEP CD34+ CD38+ IL-3Ra- CD45RA-	MEP CD34+ CD38+ IL-3Ra- CD45RA- rep1	2.71594	0	healthy
5003	209602_s_at	MEP CD34+ CD38+ IL-3Ra- CD45RA-	MEP CD34+ CD38+ IL-3Ra- CD45RA- rep2	3.47091	0	healthy
5003	209602_s_at	MEP CD34+ CD38+ IL-3Ra- CD45RA-	MEP CD34+ CD38+ IL-3Ra- CD45RA- rep3	2.20793	0	healthy
5003	209602_s_at	MEP CD34+ CD38+ IL-3Ra- CD45RA-	MEP CD34+ CD38+ IL-3Ra- CD45RA- rep4	2.68302	0	healthy
5003	209602_s_at	MEP CD34+ CD38+ IL-3Ra- CD45RA-	MEP CD34+ CD38+ IL-3Ra- CD45RA- rep5	2.91375	0	healthy
5003	209602_s_at	MEP CD34+ CD38+ IL-3Ra- CD45RA-	MEP CD34+ CD38+ IL-3Ra- CD45RA- rep6	2.60948	0	healthy
5003	209602_s_at	MEP CD34+ CD38+ IL-3Ra- CD45RA-	MEP CD34+ CD38+ IL-3Ra- CD45RA- rep7	3.9583	0	Un-healthy
5003	209602_s_at	MEP CD34+ CD38+ IL-3Ra- CD45RA-	MEP CD34+ CD38+ IL-3Ra- CD45RA- rep8	4.31956	0	Un-healthy
5003	209602_s_at	MEP CD34+ CD38+ IL-3Ra- CD45RA-	MEP CD34+ CD38+ IL-3Ra- CD45RA- rep9	2.42774	0	Un-healthy
5003	209602_s_at	ERY1 CD34+ CD71+ GlyA-	ERY1 CD34+ CD71+ GlyA- rep1	3.74354	0	Un-healthy
5003	209602_s_at	ERY1 CD34+ CD71+ GlyA-	ERY1 CD34+ CD71+ GlyA- rep2	2.86569	0	healthy
5003	209602_s_at	ERY1 CD34+ CD71+ GlyA-	ERY1 CD34+ CD71+ GlyA- rep3	7.17649	0	healthy
5003	209602_s_at	ERY1 CD34+ CD71+ GlyA-	ERY1 CD34+ CD71+ GlyA- rep4	3.16649	0	healthy
5003	209602_s_at	ERY1 CD34+ CD71+ GlyA-	ERY1 CD34+ CD71+ GlyA- rep5	4.06109	0	healthy
5003	209602_s_at	ERY1 CD34+ CD71+ GlyA-	ERY1 CD34+ CD71+ GlyA- rep6	1.26966	0	healthy
5003	209602_s_at	ERY1 CD34+ CD71+ GlyA-	ERY1 CD34+ CD71+ GlyA- rep7	3.24876	0	Un-healthy
5003	209602_s_at	ERY2 CD34- CD71+ GlyA-	ERY2 CD34- CD71+ GlyA- rep1	2.73638	0	Un-healthy
5003	209602_s_at	ERY2 CD34- CD71+ GlyA-	ERY2 CD34- CD71+ GlyA- rep2	3.09147	0	Un-healthy
5003	209602_s_at	ERY2 CD34- CD71+ GlyA-	ERY2 CD34- CD71+ GlyA- rep3	3.75102	0	Un-healthy
5003	209602_s_at	ERY2 CD34- CD71+ GlyA-	ERY2 CD34- CD71+ GlyA- rep4	3.99799	0	Un-healthy
5003	209602_s_at	ERY2 CD34- CD71+ GlyA-	ERY2 CD34- CD71+ GlyA- rep5	6.20664	0	Un-healthy
5003	209602_s_at	ERY2 CD34- CD71+ GlyA-	ERY2 CD34- CD71+ GlyA- rep6	2.49211	0	Un-healthy
5003	209602_s_at	ERY2 CD34- CD71+ GlyA-	ERY2 CD34- CD71+ GlyA- rep7	5.09008	0	healthy
5003	209602_s_at	ERY3 CD34- CD71+ GlyA+	ERY3 CD34- CD71+ GlyA+ rep1	3.12191	0	healthy
5003	209602_s_at	ERY3 CD34- CD71+ GlyA+	ERY3 CD34- CD71+ GlyA+ rep2	3.55866	0	healthy
5003	209602_s_at	ERY3 CD34- CD71+ GlyA+	ERY3 CD34- CD71+ GlyA+ rep3	2.13414	0	healthy
5003	209602_s_at	ERY3 CD34- CD71+ GlyA+	ERY3 CD34- CD71+ GlyA+ rep4	4.07292	0	healthy
5003	209602_s_at	ERY3 CD34- CD71+ GlyA+	ERY3 CD34- CD71+ GlyA+ rep5	2.66576	0	healthy
5003	209602_s_at	ERY3 CD34- CD71+ GlyA+	ERY3 CD34- CD71+ GlyA+ rep6	3.86268	0	healthy
5003	209602_s_at	ERY4 CD34- CD71(lo) GlyA+	ERY4 CD34- CD71(lo) GlyA+ rep1	1.90468	0	healthy
5003	209602_s_at	ERY4 CD34- CD71(lo) GlyA+	ERY4 CD34- CD71(lo) GlyA+ rep2	1.97884	0	healthy
5003	209602_s_at	ERY4 CD34- CD71(lo) GlyA+	ERY4 CD34- CD71(lo) GlyA+ rep3	2.80747	0	healthy
5003	209602_s_at	ERY4 CD34- CD71(lo) GlyA+	ERY4 CD34- CD71(lo) GlyA+ rep4	3.63939	0	healthy
5003	209602_s_at	ERY4 CD34- CD71(lo) GlyA+	ERY4 CD34- CD71(lo) GlyA+ rep5	2.89465	0	healthy
5003	209602_s_at	ERY4 CD34- CD71(lo) GlyA+	ERY4 CD34- CD71(lo) GlyA+ rep6	4.14733	0	healthy
5003	209602_s_at	ERY4 CD34- CD71(lo) GlyA+	ERY4 CD34- CD71(lo) GlyA+ rep7	4.51223	0	healthy
5003	209602_s_at	ERY5 CD34- CD71- GlyA+	ERY5 CD34- CD71- GlyA+ rep1	2.37203	0	healthy
5003	209602_s_at	ERY5 CD34- CD71- GlyA+	ERY5 CD34- CD71- GlyA+ rep2	3.49042	0	healthy
5003	209602_s_at	ERY5 CD34- CD71- GlyA+	ERY5 CD34- CD71- GlyA+ rep3	3.36161	0	healthy
5003	209602_s_at	ERY5 CD34- CD71- GlyA+	ERY5 CD34- CD71- GlyA+ rep4	4.53861	0	healthy
5003	209602_s_at	ERY5 CD34- CD71- GlyA+	ERY5 CD34- CD71- GlyA+ rep5	3.98542	0	healthy
5003	209602_s_at	ERY5 CD34- CD71- GlyA+	ERY5 CD34- CD71- GlyA+ rep6	5.14135	0	healthy
5003	209602_s_at	MEGA1 CD34+ CD41+ CD61+ CD45-	MEGA1 CD34+ CD41+ CD61+ CD45- rep1	4.43299	0	healthy
5003	209602_s_at	MEGA1 CD34+ CD41+ CD61+ CD45-	MEGA1 CD34+ CD41+ CD61+ CD45- rep2	4.40286	0	healthy
5003	209602_s_at	MEGA1 CD34+ CD41+ CD61+ CD45-	MEGA1 CD34+ CD41+ CD61+ CD45- rep3	4.04921	0	healthy
5003	209602_s_at	MEGA1 CD34+ CD41+ CD61+ CD45-	MEGA1 CD34+ CD41+ CD61+ CD45- rep4	3.34684	0	healthy
5003	209602_s_at	MEGA1 CD34+ CD41+ CD61+ CD45-	MEGA1 CD34+ CD41+ CD61+ CD45- rep5	3.66415	0	healthy
5003	209602_s_at	MEGA2 CD34- CD41+ CD61+ CD45-	MEGA2 CD34- CD41+ CD61+ CD45- rep1	3.59267	0	healthy
5003	209602_s_at	MEGA2 CD34- CD41+ CD61+ CD45-	MEGA2 CD34- CD41+ CD61+ CD45- rep2	7.33306	0	healthy
5003	209602_s_at	MEGA2 CD34- CD41+ CD61+ CD45-	MEGA2 CD34- CD41+ CD61+ CD45- rep3	5.31758	0	healthy
5003	209602_s_at	MEGA2 CD34- CD41+ CD61+ CD45-	MEGA2 CD34- CD41+ CD61+ CD45- rep4	6.08674	0	healthy
5003	209602_s_at	MEGA2 CD34- CD41+ CD61+ CD45-	MEGA2 CD34- CD41+ CD61+ CD45- rep5	3.13027	0	Un-healthy
5003	209602_s_at	MEGA2 CD34- CD41+ CD61+ CD45-	MEGA2 CD34- CD41+ CD61+ CD45- rep6	5.9297	0	Un-healthy
5003	209602_s_at	MEGA2 CD34- CD41+ CD61+ CD45-	MEGA2 CD34- CD41+ CD61+ CD45- rep7	3.73631	0	Un-healthy
5003	209602_s_at	GMP CD34+ CD38+ IL-3Ra(lo) CD45RA+	GMP CD34+ CD38+ IL-3Ra(lo) CD45RA+ rep1	2.30508	0	Un-healthy
5003	209602_s_at	GMP CD34+ CD38+ IL-3Ra(lo) CD45RA+	GMP CD34+ CD38+ IL-3Ra(lo) CD45RA+ rep2	2.09989	0	healthy
5003	209602_s_at	GMP CD34+ CD38+ IL-3Ra(lo) CD45RA+	GMP CD34+ CD38+ IL-3Ra(lo) CD45RA+ rep3	5.06018	0	healthy
5003	209602_s_at	GMP CD34+ CD38+ IL-3Ra(lo) CD45RA+	GMP CD34+ CD38+ IL-3Ra(lo) CD45RA+ rep4	3.48417	0	healthy
5003	209602_s_at	GRAN1 CD34- SSC(hi) CD45+ CD11b- CD16-	GRAN1 CD34- SSC(hi) CD45+ CD11b- CD16- rep1	8.67335	0	healthy
5003	209602_s_at	GRAN1 CD34- SSC(hi) CD45+ CD11b- CD16-	GRAN1 CD34- SSC(hi) CD45+ CD11b- CD16- rep2	6.32183	0	healthy
5003	209602_s_at	GRAN1 CD34- SSC(hi) CD45+ CD11b- CD16-	GRAN1 CD34- SSC(hi) CD45+ CD11b- CD16- rep3	5.82232	0	Un-healthy
5003	209602_s_at	GRAN1 CD34- SSC(hi) CD45+ CD11b- CD16-	GRAN1 CD34- SSC(hi) CD45+ CD11b- CD16- rep4	10.06562	0	Un-healthy
5003	209602_s_at	GRAN1 CD34- SSC(hi) CD45+ CD11b- CD16-	GRAN1 CD34- SSC(hi) CD45+ CD11b- CD16- rep5	10.22281	0	Un-healthy
5003	209602_s_at	GRAN2 CD34- SSC(hi) CD45+ CD11b+ CD16-	GRAN2 CD34- SSC(hi) CD45+ CD11b+ CD16- rep1	3.40388	0	Un-healthy
5003	209602_s_at	GRAN2 CD34- SSC(hi) CD45+ CD11b+ CD16-	GRAN2 CD34- SSC(hi) CD45+ CD11b+ CD16- rep2	2.45847	0	Un-healthy
5003	209602_s_at	GRAN2 CD34- SSC(hi) CD45+ CD11b+ CD16-	GRAN2 CD34- SSC(hi) CD45+ CD11b+ CD16- rep3	3.36416	0	Un-healthy
5003	209602_s_at	GRAN2 CD34- SSC(hi) CD45+ CD11b+ CD16-	GRAN2 CD34- SSC(hi) CD45+ CD11b+ CD16- rep4	8.6651	0	Un-healthy
5003	209602_s_at	GRAN3 FSC(hi) SSC(hi) CD16+ CD11b+	GRAN3 FSC(hi) SSC(hi) CD16+ CD11b+ rep1	6.58026	0	healthy
5003	209602_s_at	GRAN3 FSC(hi) SSC(hi) CD16+ CD11b+	GRAN3 FSC(hi) SSC(hi) CD16+ CD11b+ rep2	2.74719	0	healthy
5003	209602_s_at	GRAN3 FSC(hi) SSC(hi) CD16+ CD11b+	GRAN3 FSC(hi) SSC(hi) CD16+ CD11b+ rep3	4.55779	0	healthy
5003	209602_s_at	GRAN3 FSC(hi) SSC(hi) CD16+ CD11b+	GRAN3 FSC(hi) SSC(hi) CD16+ CD11b+ rep4	7.6939	0	healthy
5003	209602_s_at	MONO1 CD34- CD33+ CD13+	MONO1 CD34- CD33+ CD13+ rep1	2.79555	0	healthy
5003	209602_s_at	MONO1 CD34- CD33+ CD13+	MONO1 CD34- CD33+ CD13+ rep2	3.93166	0	healthy
5003	209602_s_at	MONO1 CD34- CD33+ CD13+	MONO1 CD34- CD33+ CD13+ rep3	2.95693	0	healthy
5003	209602_s_at	MONO1 CD34- CD33+ CD13+	MONO1 CD34- CD33+ CD13+ rep4	3.77878	0	healthy
5003	209602_s_at	MONO2 FSC(hi) SSC(lo) CD14+ CD45(dim)	MONO2 FSC(hi) SSC(lo) CD14+ CD45(dim) rep1	3.81224	0	healthy
5003	209602_s_at	MONO2 FSC(hi) SSC(lo) CD14+ CD45(dim)	MONO2 FSC(hi) SSC(lo) CD14+ CD45(dim) rep2	2.41756	0	healthy
5003	209602_s_at	MONO2 FSC(hi) SSC(lo) CD14+ CD45(dim)	MONO2 FSC(hi) SSC(lo) CD14+ CD45(dim) rep3	3.1315	0	healthy
5003	209602_s_at	MONO2 FSC(hi) SSC(lo) CD14+ CD45(dim)	MONO2 FSC(hi) SSC(lo) CD14+ CD45(dim) rep4	2.80057	0	healthy
5003	209602_s_at	MONO2 FSC(hi) SSC(lo) CD14+ CD45(dim)	MONO2 FSC(hi) SSC(lo) CD14+ CD45(dim) rep5	3.70069	0	healthy
5003	209602_s_at	EOS2 FSC(hi) SSC(lo) IL3-Ra+ CD33(dim)+	EOS2 FSC(hi) SSC(lo) IL3-Ra+ CD33(dim)+ rep1	3.70909	0	healthy
5003	209602_s_at	EOS2 FSC(hi) SSC(lo) IL3-Ra+ CD33(dim)+	EOS2 FSC(hi) SSC(lo) IL3-Ra+ CD33(dim)+ rep2	2.59266	0	healthy
5003	209602_s_at	EOS2 FSC(hi) SSC(lo) IL3-Ra+ CD33(dim)+	EOS2 FSC(hi) SSC(lo) IL3-Ra+ CD33(dim)+ rep3	2.21893	0	healthy
5003	209602_s_at	EOS2 FSC(hi) SSC(lo) IL3-Ra+ CD33(dim)+	EOS2 FSC(hi) SSC(lo) IL3-Ra+ CD33(dim)+ rep4	3.1747	0	healthy
5003	209602_s_at	EOS2 FSC(hi) SSC(lo) IL3-Ra+ CD33(dim)+	EOS2 FSC(hi) SSC(lo) IL3-Ra+ CD33(dim)+ rep5	3.26223	0	healthy
5003	209602_s_at	BASO1 FSC(hi) SSC(lo) CD22+ CD123+ CD33+/- CD45(dim)	BASO1 FSC(hi) SSC(lo) CD22+ CD123+ CD33+/- CD45(dim) rep1	3.77202	0	healthy
5003	209602_s_at	BASO1 FSC(hi) SSC(lo) CD22+ CD123+ CD33+/- CD45(dim)	BASO1 FSC(hi) SSC(lo) CD22+ CD123+ CD33+/- CD45(dim) rep2	2.96027	0	healthy
5003	209602_s_at	BASO1 FSC(hi) SSC(lo) CD22+ CD123+ CD33+/- CD45(dim)	BASO1 FSC(hi) SSC(lo) CD22+ CD123+ CD33+/- CD45(dim) rep3	3.26417	0	healthy
5003	209602_s_at	BASO1 FSC(hi) SSC(lo) CD22+ CD123+ CD33+/- CD45(dim)	BASO1 FSC(hi) SSC(lo) CD22+ CD123+ CD33+/- CD45(dim) rep4	3.0153	0	healthy
5003	209602_s_at	BASO1 FSC(hi) SSC(lo) CD22+ CD123+ CD33+/- CD45(dim)	BASO1 FSC(hi) SSC(lo) CD22+ CD123+ CD33+/- CD45(dim) rep5	1.88192	0	healthy
5003	209602_s_at	BASO1 FSC(hi) SSC(lo) CD22+ CD123+ CD33+/- CD45(dim)	BASO1 FSC(hi) SSC(lo) CD22+ CD123+ CD33+/- CD45(dim) rep6	3.10801	0	healthy
5003	209602_s_at	DENDa2 HLA-DR+ CD3- CD14- CD16- CD19- CD56- CD123- CD11c+	DENDa2 HLA-DR+ CD3- CD14- CD16- CD19- CD56- CD123- CD11c+ rep1	2.47508	0	healthy
5003	209602_s_at	DENDa2 HLA-DR+ CD3- CD14- CD16- CD19- CD56- CD123- CD11c+	DENDa2 HLA-DR+ CD3- CD14- CD16- CD19- CD56- CD123- CD11c+ rep2	2.30332	0	healthy
5003	209602_s_at	DENDa2 HLA-DR+ CD3- CD14- CD16- CD19- CD56- CD123- CD11c+	DENDa2 HLA-DR+ CD3- CD14- CD16- CD19- CD56- CD123- CD11c+ rep3	3.4456	0	healthy
5003	209602_s_at	DENDa2 HLA-DR+ CD3- CD14- CD16- CD19- CD56- CD123- CD11c+	DENDa2 HLA-DR+ CD3- CD14- CD16- CD19- CD56- CD123- CD11c+ rep4	3.07517	0	healthy
5003	209602_s_at	DENDa2 HLA-DR+ CD3- CD14- CD16- CD19- CD56- CD123- CD11c+	DENDa2 HLA-DR+ CD3- CD14- CD16- CD19- CD56- CD123- CD11c+ rep5	1.84969	0	healthy
5003	209602_s_at	DENDa1 HLA-DR+ CD3- CD14- CD16- CD19- CD56- CD123+ CD11c-	DENDa1 HLA-DR+ CD3- CD14- CD16- CD19- CD56- CD123+ CD11c- rep1	4.00184	0	Un-healthy
5003	209602_s_at	DENDa1 HLA-DR+ CD3- CD14- CD16- CD19- CD56- CD123+ CD11c-	DENDa1 HLA-DR+ CD3- CD14- CD16- CD19- CD56- CD123+ CD11c- rep2	3.57023	0	Un-healthy
5003	209602_s_at	DENDa1 HLA-DR+ CD3- CD14- CD16- CD19- CD56- CD123+ CD11c-	DENDa1 HLA-DR+ CD3- CD14- CD16- CD19- CD56- CD123+ CD11c- rep3	3.28706	0	Un-healthy
5003	209602_s_at	DENDa1 HLA-DR+ CD3- CD14- CD16- CD19- CD56- CD123+ CD11c-	DENDa1 HLA-DR+ CD3- CD14- CD16- CD19- CD56- CD123+ CD11c- rep4	2.92605	0	Un-healthy
5003	209602_s_at	DENDa1 HLA-DR+ CD3- CD14- CD16- CD19- CD56- CD123+ CD11c-	DENDa1 HLA-DR+ CD3- CD14- CD16- CD19- CD56- CD123+ CD11c- rep5	2.0676	0	healthy
5003	209602_s_at	PRE_BCELL2 CD34+ CD10+ CD19+	PRE_BCELL2 CD34+ CD10+ CD19+ rep1	3.82744	0	healthy
5003	209602_s_at	PRE_BCELL2 CD34+ CD10+ CD19+	PRE_BCELL2 CD34+ CD10+ CD19+ rep2	1.83851	0	healthy
5003	209602_s_at	PRE_BCELL2 CD34+ CD10+ CD19+	PRE_BCELL2 CD34+ CD10+ CD19+ rep3	2.58887	0	healthy
5003	209602_s_at	PRE_BCELL2 CD34+ CD10+ CD19+	PRE_BCELL2 CD34+ CD10+ CD19+ rep4	2.47389	0	healthy
5003	209602_s_at	PRE_BCELL3 CD34- CD10+ CD19+	PRE_BCELL3 CD34- CD10+ CD19+ rep1	4.38092	0	Un-healthy
5003	209602_s_at	PRE_BCELL3 CD34- CD10+ CD19+	PRE_BCELL3 CD34- CD10+ CD19+ rep2	3.86022	0	Un-healthy
5003	209602_s_at	PRE_BCELL3 CD34- CD10+ CD19+	PRE_BCELL3 CD34- CD10+ CD19+ rep3	4.76789	0	Un-healthy
5003	209602_s_at	PRE_BCELL3 CD34- CD10+ CD19+	PRE_BCELL3 CD34- CD10+ CD19+ rep4	1.95978	0	Un-healthy
5003	209602_s_at	PRE_BCELL3 CD34- CD10+ CD19+	PRE_BCELL3 CD34- CD10+ CD19+ rep5	2.01516	0	Un-healthy
5003	209602_s_at	BCELLa1 CD19+ IgD+ CD27-	BCELLa1 CD19+ IgD+ CD27- rep1	4.20622	0	Un-healthy
5003	209602_s_at	BCELLa1 CD19+ IgD+ CD27-	BCELLa1 CD19+ IgD+ CD27- rep2	2.47623	0	Un-healthy
5003	209602_s_at	BCELLa1 CD19+ IgD+ CD27-	BCELLa1 CD19+ IgD+ CD27- rep3	2.21789	0	healthy
5003	209602_s_at	BCELLa1 CD19+ IgD+ CD27-	BCELLa1 CD19+ IgD+ CD27- rep4	3.67192	0	healthy
5003	209602_s_at	BCELLa1 CD19+ IgD+ CD27-	BCELLa1 CD19+ IgD+ CD27- rep5	4.37819	0	healthy
5003	209602_s_at	BCELLa2 CD19+ IgD+ CD27+	BCELLa2 CD19+ IgD+ CD27+ rep1	2.87173	0	healthy
5003	209602_s_at	BCELLa2 CD19+ IgD+ CD27+	BCELLa2 CD19+ IgD+ CD27+ rep2	2.11126	0	healthy
5003	209602_s_at	BCELLa2 CD19+ IgD+ CD27+	BCELLa2 CD19+ IgD+ CD27+ rep3	3.13241	0	healthy
5003	209602_s_at	BCELLa2 CD19+ IgD+ CD27+	BCELLa2 CD19+ IgD+ CD27+ rep4	2.15896	0	healthy
5003	209602_s_at	BCELLa2 CD19+ IgD+ CD27+	BCELLa2 CD19+ IgD+ CD27+ rep5	3.72734	0	healthy
5003	209602_s_at	BCELLa3 CD19+ IgD- CD27-	BCELLa3 CD19+ IgD- CD27- rep1	3.49291	0	healthy
5003	209602_s_at	BCELLa3 CD19+ IgD- CD27-	BCELLa3 CD19+ IgD- CD27- rep2	2.94877	0	healthy
5003	209602_s_at	BCELLa3 CD19+ IgD- CD27-	BCELLa3 CD19+ IgD- CD27- rep3	1.84306	0	healthy
5003	209602_s_at	BCELLa3 CD19+ IgD- CD27-	BCELLa3 CD19+ IgD- CD27- rep4	3.46732	0	healthy
5003	209602_s_at	BCELLa3 CD19+ IgD- CD27-	BCELLa3 CD19+ IgD- CD27- rep5	3.23187	0	healthy
5003	209602_s_at	BCELLa4 CD19+ IgD- CD27+	BCELLa4 CD19+ IgD- CD27+ rep1	2.211	0	healthy
5003	209602_s_at	BCELLa4 CD19+ IgD- CD27+	BCELLa4 CD19+ IgD- CD27+ rep2	2.63905	0	healthy
5003	209602_s_at	BCELLa4 CD19+ IgD- CD27+	BCELLa4 CD19+ IgD- CD27+ rep3	2.63067	0	healthy
5003	209602_s_at	BCELLa4 CD19+ IgD- CD27+	BCELLa4 CD19+ IgD- CD27+ rep4	2.97761	0	healthy
5003	209602_s_at	BCELLa4 CD19+ IgD- CD27+	BCELLa4 CD19+ IgD- CD27+ rep5	3.3535	0	healthy
5003	209602_s_at	NKa1 CD56- CD16+ CD3-	NKa1 CD56- CD16+ CD3- rep1	3.4311	0	healthy
5003	209602_s_at	NKa1 CD56- CD16+ CD3-	NKa1 CD56- CD16+ CD3- rep2	3.05409	0	healthy
5003	209602_s_at	NKa1 CD56- CD16+ CD3-	NKa1 CD56- CD16+ CD3- rep3	2.50953	0	healthy
5003	209602_s_at	NKa1 CD56- CD16+ CD3-	NKa1 CD56- CD16+ CD3- rep4	2.774	0	healthy
5003	209602_s_at	NKa2 CD56+ CD16+ CD3-	NKa2 CD56+ CD16+ CD3- rep1	7.44181	0	healthy
5003	209602_s_at	NKa2 CD56+ CD16+ CD3-	NKa2 CD56+ CD16+ CD3- rep2	7.19846	0	healthy
5003	209602_s_at	NKa2 CD56+ CD16+ CD3-	NKa2 CD56+ CD16+ CD3- rep3	8.0908	0	healthy
5003	209602_s_at	NKa2 CD56+ CD16+ CD3-	NKa2 CD56+ CD16+ CD3- rep4	7.6149	0	healthy
5003	209602_s_at	NKa2 CD56+ CD16+ CD3-	NKa2 CD56+ CD16+ CD3- rep5	8.4263	0	healthy
5003	209602_s_at	NKa3 CD56- CD16- CD3-	NKa3 CD56- CD16- CD3- rep1	8.49601	0	healthy
5003	209602_s_at	NKa3 CD56- CD16- CD3-	NKa3 CD56- CD16- CD3- rep2	8.72281	0	healthy
5003	209602_s_at	NKa3 CD56- CD16- CD3-	NKa3 CD56- CD16- CD3- rep3	9.99955	0	Un-healthy
5003	209602_s_at	NKa3 CD56- CD16- CD3-	NKa3 CD56- CD16- CD3- rep4	10.58975	0	Un-healthy
5003	209602_s_at	NKa3 CD56- CD16- CD3-	NKa3 CD56- CD16- CD3- rep5	9.95628	0	Un-healthy
5003	209602_s_at	NKa4 CD14- CD19- CD3+ CD1d+	NKa4 CD14- CD19- CD3+ CD1d+ rep1	6.58987	0	Un-healthy
5003	209602_s_at	NKa4 CD14- CD19- CD3+ CD1d+	NKa4 CD14- CD19- CD3+ CD1d+ rep2	6.45293	0	healthy
5003	209602_s_at	NKa4 CD14- CD19- CD3+ CD1d+	NKa4 CD14- CD19- CD3+ CD1d+ rep3	2.99645	0	healthy
5003	209602_s_at	NKa4 CD14- CD19- CD3+ CD1d+	NKa4 CD14- CD19- CD3+ CD1d+ rep4	7.39566	0	healthy
5003	209602_s_at	TCEL2 CD8+ CD62L+ CD45RA+	TCEL2 CD8+ CD62L+ CD45RA+ rep1	8.31996	0	healthy
5003	209602_s_at	TCEL2 CD8+ CD62L+ CD45RA+	TCEL2 CD8+ CD62L+ CD45RA+ rep2	6.38938	0	healthy
5003	209602_s_at	TCEL2 CD8+ CD62L+ CD45RA+	TCEL2 CD8+ CD62L+ CD45RA+ rep3	6.73898	0	Un-healthy
5003	209602_s_at	TCEL2 CD8+ CD62L+ CD45RA+	TCEL2 CD8+ CD62L+ CD45RA+ rep4	6.68302	0	Un-healthy
5003	209602_s_at	TCEL2 CD8+ CD62L+ CD45RA+	TCEL2 CD8+ CD62L+ CD45RA+ rep5	9.11238	0	Un-healthy
5003	209602_s_at	TCEL2 CD8+ CD62L+ CD45RA+	TCEL2 CD8+ CD62L+ CD45RA+ rep6	5.20572	0	Un-healthy
5003	209602_s_at	TCEL2 CD8+ CD62L+ CD45RA+	TCEL2 CD8+ CD62L+ CD45RA+ rep7	6.43527	0	Un-healthy
5003	209602_s_at	TCEL1 CD8+ CD62L- CD45RA+	TCEL1 CD8+ CD62L- CD45RA+ rep1	9.64471	0	Un-healthy
5003	209602_s_at	TCEL1 CD8+ CD62L- CD45RA+	TCEL1 CD8+ CD62L- CD45RA+ rep2	8.50345	0	Un-healthy
5003	209602_s_at	TCEL1 CD8+ CD62L- CD45RA+	TCEL1 CD8+ CD62L- CD45RA+ rep3	8.8932	0	healthy
5003	209602_s_at	TCEL1 CD8+ CD62L- CD45RA+	TCEL1 CD8+ CD62L- CD45RA+ rep4	4.23616	0	healthy
5003	209602_s_at	TCEL3 CD8+ CD62L- CD45RA-	TCEL3 CD8+ CD62L- CD45RA- rep1	7.56707	0	healthy
5003	209602_s_at	TCEL3 CD8+ CD62L- CD45RA-	TCEL3 CD8+ CD62L- CD45RA- rep2	9.87323	0	healthy
5003	209602_s_at	TCEL3 CD8+ CD62L- CD45RA-	TCEL3 CD8+ CD62L- CD45RA- rep3	8.24586	0	healthy
5003	209602_s_at	TCEL3 CD8+ CD62L- CD45RA-	TCEL3 CD8+ CD62L- CD45RA- rep4	9.57069	0	healthy
5003	209602_s_at	TCEL3 CD8+ CD62L- CD45RA-	TCEL3 CD8+ CD62L- CD45RA- rep5	8.67477	0	healthy
5003	209602_s_at	TCEL3 CD8+ CD62L- CD45RA-	TCEL3 CD8+ CD62L- CD45RA- rep6	8.22358	0	healthy
5003	209602_s_at	TCEL4 CD8+ CD62L+ CD45RA-	TCEL4 CD8+ CD62L+ CD45RA- rep1	6.83744	0	healthy
5003	209602_s_at	TCEL4 CD8+ CD62L+ CD45RA-	TCEL4 CD8+ CD62L+ CD45RA- rep2	10.70301	0	healthy
5003	209602_s_at	TCEL4 CD8+ CD62L+ CD45RA-	TCEL4 CD8+ CD62L+ CD45RA- rep3	11.01608	0	healthy
5003	209602_s_at	TCEL4 CD8+ CD62L+ CD45RA-	TCEL4 CD8+ CD62L+ CD45RA- rep4	11.18953	0	healthy
5003	209602_s_at	TCEL4 CD8+ CD62L+ CD45RA-	TCEL4 CD8+ CD62L+ CD45RA- rep5	11.96236	0	healthy
5003	209602_s_at	TCEL4 CD8+ CD62L+ CD45RA-	TCEL4 CD8+ CD62L+ CD45RA- rep6	8.84321	0	healthy
5003	209602_s_at	TCEL4 CD8+ CD62L+ CD45RA-	TCEL4 CD8+ CD62L+ CD45RA- rep7	6.42817	0	healthy
5003	209602_s_at	TCEL6 CD4+ CD62L+ CD45RA+	TCEL6 CD4+ CD62L+ CD45RA+ rep1	7.61346	0	healthy
5003	209602_s_at	TCEL6 CD4+ CD62L+ CD45RA+	TCEL6 CD4+ CD62L+ CD45RA+ rep2	8.39916	0	healthy
5003	209602_s_at	TCEL6 CD4+ CD62L+ CD45RA+	TCEL6 CD4+ CD62L+ CD45RA+ rep3	7.84584	0	healthy
5003	209602_s_at	TCEL6 CD4+ CD62L+ CD45RA+	TCEL6 CD4+ CD62L+ CD45RA+ rep4	8.82364	0	healthy
5003	209602_s_at	TCEL6 CD4+ CD62L+ CD45RA+	TCEL6 CD4+ CD62L+ CD45RA+ rep5	8.74403	0	healthy
5003	209602_s_at	TCEL6 CD4+ CD62L+ CD45RA+	TCEL6 CD4+ CD62L+ CD45RA+ rep6	4.8219	0	healthy
5003	209602_s_at	TCEL6 CD4+ CD62L+ CD45RA+	TCEL6 CD4+ CD62L+ CD45RA+ rep7	6.76628	0	healthy
5003	209602_s_at	TCEL7 CD4+ CD62L- CD45RA-	TCEL7 CD4+ CD62L- CD45RA- rep1	9.68718	0	healthy
5003	209602_s_at	TCEL7 CD4+ CD62L- CD45RA-	TCEL7 CD4+ CD62L- CD45RA- rep2	10.98718	0	healthy
5003	209602_s_at	TCEL7 CD4+ CD62L- CD45RA-	TCEL7 CD4+ CD62L- CD45RA- rep3	10.70652	0	healthy
5003	209602_s_at	TCEL7 CD4+ CD62L- CD45RA-	TCEL7 CD4+ CD62L- CD45RA- rep4	9.69395	0	healthy
5003	209602_s_at	TCEL7 CD4+ CD62L- CD45RA-	TCEL7 CD4+ CD62L- CD45RA- rep5	10.79091	0	healthy
5003	209602_s_at	TCEL7 CD4+ CD62L- CD45RA-	TCEL7 CD4+ CD62L- CD45RA- rep6	6.99236	0	healthy
5003	209602_s_at	TCEL7 CD4+ CD62L- CD45RA-	TCEL7 CD4+ CD62L- CD45RA- rep7	8.43443	0	healthy
5003	209602_s_at	TCEL8 CD4+ CD62L+ CD45RA-	TCEL8 CD4+ CD62L+ CD45RA- rep1	10.03872	0	Un-healthy
5003	209602_s_at	TCEL8 CD4+ CD62L+ CD45RA-	TCEL8 CD4+ CD62L+ CD45RA- rep2	10.60809	0	Un-healthy
5003	209602_s_at	TCEL8 CD4+ CD62L+ CD45RA-	TCEL8 CD4+ CD62L+ CD45RA- rep3	10.85585	0	Un-healthy
5003	209602_s_at	TCEL8 CD4+ CD62L+ CD45RA-	TCEL8 CD4+ CD62L+ CD45RA- rep4	10.74265	0	Un-healthy
5003	209602_s_at	TCEL8 CD4+ CD62L+ CD45RA-	TCEL8 CD4+ CD62L+ CD45RA- rep5	11.1245	0	healthy
5003	209602_s_at	TCEL8 CD4+ CD62L+ CD45RA-	TCEL8 CD4+ CD62L+ CD45RA- rep6	8.32621	0	healthy
5003	209602_s_at	TCEL8 CD4+ CD62L+ CD45RA-	TCEL8 CD4+ CD62L+ CD45RA- rep7	7.75627	0	healthy
5003	209603_at	HSC1 CD133+ CD34(dim)	HSC1 CD133+ CD34(dim) rep1	9.84408	0	healthy
5003	209603_at	HSC1 CD133+ CD34(dim)	HSC1 CD133+ CD34(dim) rep10	12.00623	0	healthy
5003	209603_at	HSC1 CD133+ CD34(dim)	HSC1 CD133+ CD34(dim) rep2	10.70467	0	Un-healthy
5003	209603_at	HSC1 CD133+ CD34(dim)	HSC1 CD133+ CD34(dim) rep3	11.27358	0	Un-healthy
5003	209603_at	HSC1 CD133+ CD34(dim)	HSC1 CD133+ CD34(dim) rep4	11.03889	0	Un-healthy
5003	209603_at	HSC1 CD133+ CD34(dim)	HSC1 CD133+ CD34(dim) rep5	10.62082	0	Un-healthy
5003	209603_at	HSC1 CD133+ CD34(dim)	HSC1 CD133+ CD34(dim) rep6	11.28773	0	Un-healthy
5003	209603_at	HSC1 CD133+ CD34(dim)	HSC1 CD133+ CD34(dim) rep7	10.34119	0	Un-healthy
5003	209603_at	HSC1 CD133+ CD34(dim)	HSC1 CD133+ CD34(dim) rep8	8.92221	0	Un-healthy
5003	209603_at	HSC1 CD133+ CD34(dim)	HSC1 CD133+ CD34(dim) rep9	10.57156	0	healthy
5003	209603_at	HSC2 CD38- CD34+	HSC2 CD38- CD34+ rep1	8.81122	0	healthy
5003	209603_at	HSC2 CD38- CD34+	HSC2 CD38- CD34+ rep2	11.15844	0	healthy
5003	209603_at	HSC2 CD38- CD34+	HSC2 CD38- CD34+ rep3	11.03687	0	healthy
5003	209603_at	HSC2 CD38- CD34+	HSC2 CD38- CD34+ rep4	9.70255	0	healthy
5003	209603_at	CMP CD34+ CD38+ IL-3Ra(lo) CD45RA-	CMP CD34+ CD38+ IL-3Ra(lo) CD45RA- rep1	9.01707	0	healthy
5003	209603_at	CMP CD34+ CD38+ IL-3Ra(lo) CD45RA-	CMP CD34+ CD38+ IL-3Ra(lo) CD45RA- rep2	4.90376	0	healthy
5003	209603_at	CMP CD34+ CD38+ IL-3Ra(lo) CD45RA-	CMP CD34+ CD38+ IL-3Ra(lo) CD45RA- rep3	5.45804	0	healthy
5003	209603_at	CMP CD34+ CD38+ IL-3Ra(lo) CD45RA-	CMP CD34+ CD38+ IL-3Ra(lo) CD45RA- rep4	4.28646	0	healthy
5003	209603_at	MEP CD34+ CD38+ IL-3Ra- CD45RA-	MEP CD34+ CD38+ IL-3Ra- CD45RA- rep1	7.43092	0	healthy
5003	209603_at	MEP CD34+ CD38+ IL-3Ra- CD45RA-	MEP CD34+ CD38+ IL-3Ra- CD45RA- rep2	4.8939	0	healthy
5003	209603_at	MEP CD34+ CD38+ IL-3Ra- CD45RA-	MEP CD34+ CD38+ IL-3Ra- CD45RA- rep3	5.56713	0	healthy
5003	209603_at	MEP CD34+ CD38+ IL-3Ra- CD45RA-	MEP CD34+ CD38+ IL-3Ra- CD45RA- rep4	7.64922	0	healthy
5003	209603_at	MEP CD34+ CD38+ IL-3Ra- CD45RA-	MEP CD34+ CD38+ IL-3Ra- CD45RA- rep5	5.57184	0	healthy
5003	209603_at	MEP CD34+ CD38+ IL-3Ra- CD45RA-	MEP CD34+ CD38+ IL-3Ra- CD45RA- rep6	5.14732	0	healthy
5003	209603_at	MEP CD34+ CD38+ IL-3Ra- CD45RA-	MEP CD34+ CD38+ IL-3Ra- CD45RA- rep7	7.84783	0	healthy
5003	209603_at	MEP CD34+ CD38+ IL-3Ra- CD45RA-	MEP CD34+ CD38+ IL-3Ra- CD45RA- rep8	8.53035	0	healthy
5003	209603_at	MEP CD34+ CD38+ IL-3Ra- CD45RA-	MEP CD34+ CD38+ IL-3Ra- CD45RA- rep9	5.384	0	healthy
5003	209603_at	ERY1 CD34+ CD71+ GlyA-	ERY1 CD34+ CD71+ GlyA- rep1	4.24138	0	healthy
5003	209603_at	ERY1 CD34+ CD71+ GlyA-	ERY1 CD34+ CD71+ GlyA- rep2	5.33565	0	healthy
5003	209603_at	ERY1 CD34+ CD71+ GlyA-	ERY1 CD34+ CD71+ GlyA- rep3	8.82406	0	healthy
5003	209603_at	ERY1 CD34+ CD71+ GlyA-	ERY1 CD34+ CD71+ GlyA- rep4	8.89641	0	healthy
5003	209603_at	ERY1 CD34+ CD71+ GlyA-	ERY1 CD34+ CD71+ GlyA- rep5	8.93114	0	healthy
5003	209603_at	ERY1 CD34+ CD71+ GlyA-	ERY1 CD34+ CD71+ GlyA- rep6	6.21162	0	healthy
5003	209603_at	ERY1 CD34+ CD71+ GlyA-	ERY1 CD34+ CD71+ GlyA- rep7	3.77423	0	healthy
5003	209603_at	ERY2 CD34- CD71+ GlyA-	ERY2 CD34- CD71+ GlyA- rep1	7.23639	0	healthy
5003	209603_at	ERY2 CD34- CD71+ GlyA-	ERY2 CD34- CD71+ GlyA- rep2	4.17777	0	healthy
5003	209603_at	ERY2 CD34- CD71+ GlyA-	ERY2 CD34- CD71+ GlyA- rep3	4.32545	0	healthy
5003	209603_at	ERY2 CD34- CD71+ GlyA-	ERY2 CD34- CD71+ GlyA- rep4	9.75582	0	healthy
5003	209603_at	ERY2 CD34- CD71+ GlyA-	ERY2 CD34- CD71+ GlyA- rep5	9.45343	0	Un-healthy
5003	209603_at	ERY2 CD34- CD71+ GlyA-	ERY2 CD34- CD71+ GlyA- rep6	3.94335	0	Un-healthy
5003	209603_at	ERY2 CD34- CD71+ GlyA-	ERY2 CD34- CD71+ GlyA- rep7	8.99759	0	Un-healthy
5003	209603_at	ERY3 CD34- CD71+ GlyA+	ERY3 CD34- CD71+ GlyA+ rep1	5.29106	0	Un-healthy
5003	209603_at	ERY3 CD34- CD71+ GlyA+	ERY3 CD34- CD71+ GlyA+ rep2	4.10479	0	healthy
5003	209603_at	ERY3 CD34- CD71+ GlyA+	ERY3 CD34- CD71+ GlyA+ rep3	7.71859	0	healthy
5003	209603_at	ERY3 CD34- CD71+ GlyA+	ERY3 CD34- CD71+ GlyA+ rep4	3.24775	0	healthy
5003	209603_at	ERY3 CD34- CD71+ GlyA+	ERY3 CD34- CD71+ GlyA+ rep5	2.85952	0	healthy
5003	209603_at	ERY3 CD34- CD71+ GlyA+	ERY3 CD34- CD71+ GlyA+ rep6	4.36796	0	healthy
5003	209603_at	ERY4 CD34- CD71(lo) GlyA+	ERY4 CD34- CD71(lo) GlyA+ rep1	5.54941	0	Un-healthy
5003	209603_at	ERY4 CD34- CD71(lo) GlyA+	ERY4 CD34- CD71(lo) GlyA+ rep2	5.10771	0	Un-healthy
5003	209603_at	ERY4 CD34- CD71(lo) GlyA+	ERY4 CD34- CD71(lo) GlyA+ rep3	4.13623	0	Un-healthy
5003	209603_at	ERY4 CD34- CD71(lo) GlyA+	ERY4 CD34- CD71(lo) GlyA+ rep4	3.80162	0	Un-healthy
5003	209603_at	ERY4 CD34- CD71(lo) GlyA+	ERY4 CD34- CD71(lo) GlyA+ rep5	4.34696	0	Un-healthy
5003	209603_at	ERY4 CD34- CD71(lo) GlyA+	ERY4 CD34- CD71(lo) GlyA+ rep6	5.99074	0	Un-healthy
5003	209603_at	ERY4 CD34- CD71(lo) GlyA+	ERY4 CD34- CD71(lo) GlyA+ rep7	7.9054	0	Un-healthy
5003	209603_at	ERY5 CD34- CD71- GlyA+	ERY5 CD34- CD71- GlyA+ rep1	5.80394	0	healthy
5003	209603_at	ERY5 CD34- CD71- GlyA+	ERY5 CD34- CD71- GlyA+ rep2	7.45956	0	healthy
5003	209603_at	ERY5 CD34- CD71- GlyA+	ERY5 CD34- CD71- GlyA+ rep3	4.89557	0	healthy
5003	209603_at	ERY5 CD34- CD71- GlyA+	ERY5 CD34- CD71- GlyA+ rep4	7.28991	0	healthy
5003	209603_at	ERY5 CD34- CD71- GlyA+	ERY5 CD34- CD71- GlyA+ rep5	8.24288	0	healthy
5003	209603_at	ERY5 CD34- CD71- GlyA+	ERY5 CD34- CD71- GlyA+ rep6	7.09738	0	healthy
5003	209603_at	MEGA1 CD34+ CD41+ CD61+ CD45-	MEGA1 CD34+ CD41+ CD61+ CD45- rep1	8.68117	0	healthy
5003	209603_at	MEGA1 CD34+ CD41+ CD61+ CD45-	MEGA1 CD34+ CD41+ CD61+ CD45- rep2	6.55957	0	healthy
5003	209603_at	MEGA1 CD34+ CD41+ CD61+ CD45-	MEGA1 CD34+ CD41+ CD61+ CD45- rep3	10.91489	0	healthy
5003	209603_at	MEGA1 CD34+ CD41+ CD61+ CD45-	MEGA1 CD34+ CD41+ CD61+ CD45- rep4	10.06968	0	healthy
5003	209603_at	MEGA1 CD34+ CD41+ CD61+ CD45-	MEGA1 CD34+ CD41+ CD61+ CD45- rep5	9.35856	0	healthy
5003	209603_at	MEGA2 CD34- CD41+ CD61+ CD45-	MEGA2 CD34- CD41+ CD61+ CD45- rep1	6.45179	0	healthy
5003	209603_at	MEGA2 CD34- CD41+ CD61+ CD45-	MEGA2 CD34- CD41+ CD61+ CD45- rep2	10.65985	0	healthy
5003	209603_at	MEGA2 CD34- CD41+ CD61+ CD45-	MEGA2 CD34- CD41+ CD61+ CD45- rep3	10.73534	0	healthy
5003	209603_at	MEGA2 CD34- CD41+ CD61+ CD45-	MEGA2 CD34- CD41+ CD61+ CD45- rep4	11.0884	0	healthy
5003	209603_at	MEGA2 CD34- CD41+ CD61+ CD45-	MEGA2 CD34- CD41+ CD61+ CD45- rep5	11.04897	0	healthy
5003	209603_at	MEGA2 CD34- CD41+ CD61+ CD45-	MEGA2 CD34- CD41+ CD61+ CD45- rep6	7.76934	0	healthy
5003	209603_at	MEGA2 CD34- CD41+ CD61+ CD45-	MEGA2 CD34- CD41+ CD61+ CD45- rep7	4.61772	0	healthy
5003	209603_at	GMP CD34+ CD38+ IL-3Ra(lo) CD45RA+	GMP CD34+ CD38+ IL-3Ra(lo) CD45RA+ rep1	4.07668	0	healthy
5003	209603_at	GMP CD34+ CD38+ IL-3Ra(lo) CD45RA+	GMP CD34+ CD38+ IL-3Ra(lo) CD45RA+ rep2	4.76684	0	healthy
5003	209603_at	GMP CD34+ CD38+ IL-3Ra(lo) CD45RA+	GMP CD34+ CD38+ IL-3Ra(lo) CD45RA+ rep3	10.73784	0	healthy
5003	209603_at	GMP CD34+ CD38+ IL-3Ra(lo) CD45RA+	GMP CD34+ CD38+ IL-3Ra(lo) CD45RA+ rep4	4.79124	0	healthy
5003	209603_at	GRAN1 CD34- SSC(hi) CD45+ CD11b- CD16-	GRAN1 CD34- SSC(hi) CD45+ CD11b- CD16- rep1	11.22531	0	healthy
5003	209603_at	GRAN1 CD34- SSC(hi) CD45+ CD11b- CD16-	GRAN1 CD34- SSC(hi) CD45+ CD11b- CD16- rep2	10.18537	0	healthy
5003	209603_at	GRAN1 CD34- SSC(hi) CD45+ CD11b- CD16-	GRAN1 CD34- SSC(hi) CD45+ CD11b- CD16- rep3	11.20319	0	healthy
5003	209603_at	GRAN1 CD34- SSC(hi) CD45+ CD11b- CD16-	GRAN1 CD34- SSC(hi) CD45+ CD11b- CD16- rep4	11.93194	0	healthy
5003	209603_at	GRAN1 CD34- SSC(hi) CD45+ CD11b- CD16-	GRAN1 CD34- SSC(hi) CD45+ CD11b- CD16- rep5	12.42867	0	healthy
5003	209603_at	GRAN2 CD34- SSC(hi) CD45+ CD11b+ CD16-	GRAN2 CD34- SSC(hi) CD45+ CD11b+ CD16- rep1	8.39037	0	healthy
5003	209603_at	GRAN2 CD34- SSC(hi) CD45+ CD11b+ CD16-	GRAN2 CD34- SSC(hi) CD45+ CD11b+ CD16- rep2	6.10588	0	healthy
5003	209603_at	GRAN2 CD34- SSC(hi) CD45+ CD11b+ CD16-	GRAN2 CD34- SSC(hi) CD45+ CD11b+ CD16- rep3	8.37636	0	Un-healthy
5003	209603_at	GRAN2 CD34- SSC(hi) CD45+ CD11b+ CD16-	GRAN2 CD34- SSC(hi) CD45+ CD11b+ CD16- rep4	11.37632	0	Un-healthy
5003	209603_at	GRAN3 FSC(hi) SSC(hi) CD16+ CD11b+	GRAN3 FSC(hi) SSC(hi) CD16+ CD11b+ rep1	10.22755	0	Un-healthy
5003	209603_at	GRAN3 FSC(hi) SSC(hi) CD16+ CD11b+	GRAN3 FSC(hi) SSC(hi) CD16+ CD11b+ rep2	9.17578	0	Un-healthy
5003	209603_at	GRAN3 FSC(hi) SSC(hi) CD16+ CD11b+	GRAN3 FSC(hi) SSC(hi) CD16+ CD11b+ rep3	10.59637	0	healthy
5003	209603_at	GRAN3 FSC(hi) SSC(hi) CD16+ CD11b+	GRAN3 FSC(hi) SSC(hi) CD16+ CD11b+ rep4	11.54201	0	healthy
5003	209603_at	MONO1 CD34- CD33+ CD13+	MONO1 CD34- CD33+ CD13+ rep1	3.52516	0	healthy
5003	209603_at	MONO1 CD34- CD33+ CD13+	MONO1 CD34- CD33+ CD13+ rep2	4.25175	0	healthy
5003	209603_at	MONO1 CD34- CD33+ CD13+	MONO1 CD34- CD33+ CD13+ rep3	3.77955	0	healthy
5003	209603_at	MONO1 CD34- CD33+ CD13+	MONO1 CD34- CD33+ CD13+ rep4	4.00869	0	Un-healthy
5003	209603_at	MONO2 FSC(hi) SSC(lo) CD14+ CD45(dim)	MONO2 FSC(hi) SSC(lo) CD14+ CD45(dim) rep1	5.9858	0	Un-healthy
5003	209603_at	MONO2 FSC(hi) SSC(lo) CD14+ CD45(dim)	MONO2 FSC(hi) SSC(lo) CD14+ CD45(dim) rep2	3.89919	0	Un-healthy
5003	209603_at	MONO2 FSC(hi) SSC(lo) CD14+ CD45(dim)	MONO2 FSC(hi) SSC(lo) CD14+ CD45(dim) rep3	4.72261	0	Un-healthy
5003	209603_at	MONO2 FSC(hi) SSC(lo) CD14+ CD45(dim)	MONO2 FSC(hi) SSC(lo) CD14+ CD45(dim) rep4	3.99336	0	Un-healthy
5003	209603_at	MONO2 FSC(hi) SSC(lo) CD14+ CD45(dim)	MONO2 FSC(hi) SSC(lo) CD14+ CD45(dim) rep5	4.18723	0	Un-healthy
5003	209603_at	EOS2 FSC(hi) SSC(lo) IL3-Ra+ CD33(dim)+	EOS2 FSC(hi) SSC(lo) IL3-Ra+ CD33(dim)+ rep1	8.34395	0	Un-healthy
5003	209603_at	EOS2 FSC(hi) SSC(lo) IL3-Ra+ CD33(dim)+	EOS2 FSC(hi) SSC(lo) IL3-Ra+ CD33(dim)+ rep2	6.53751	0	healthy
5003	209603_at	EOS2 FSC(hi) SSC(lo) IL3-Ra+ CD33(dim)+	EOS2 FSC(hi) SSC(lo) IL3-Ra+ CD33(dim)+ rep3	4.72043	0	healthy
5003	209603_at	EOS2 FSC(hi) SSC(lo) IL3-Ra+ CD33(dim)+	EOS2 FSC(hi) SSC(lo) IL3-Ra+ CD33(dim)+ rep4	6.09006	0	healthy
5003	209603_at	EOS2 FSC(hi) SSC(lo) IL3-Ra+ CD33(dim)+	EOS2 FSC(hi) SSC(lo) IL3-Ra+ CD33(dim)+ rep5	6.33717	0	healthy
5003	209603_at	BASO1 FSC(hi) SSC(lo) CD22+ CD123+ CD33+/- CD45(dim)	BASO1 FSC(hi) SSC(lo) CD22+ CD123+ CD33+/- CD45(dim) rep1	6.73533	0	healthy
5003	209603_at	BASO1 FSC(hi) SSC(lo) CD22+ CD123+ CD33+/- CD45(dim)	BASO1 FSC(hi) SSC(lo) CD22+ CD123+ CD33+/- CD45(dim) rep2	7.98169	0	healthy
5003	209603_at	BASO1 FSC(hi) SSC(lo) CD22+ CD123+ CD33+/- CD45(dim)	BASO1 FSC(hi) SSC(lo) CD22+ CD123+ CD33+/- CD45(dim) rep3	5.85012	0	healthy
5003	209603_at	BASO1 FSC(hi) SSC(lo) CD22+ CD123+ CD33+/- CD45(dim)	BASO1 FSC(hi) SSC(lo) CD22+ CD123+ CD33+/- CD45(dim) rep4	4.9731	0	healthy
5003	209603_at	BASO1 FSC(hi) SSC(lo) CD22+ CD123+ CD33+/- CD45(dim)	BASO1 FSC(hi) SSC(lo) CD22+ CD123+ CD33+/- CD45(dim) rep5	7.42448	0	healthy
5003	209603_at	BASO1 FSC(hi) SSC(lo) CD22+ CD123+ CD33+/- CD45(dim)	BASO1 FSC(hi) SSC(lo) CD22+ CD123+ CD33+/- CD45(dim) rep6	4.99887	0	healthy
5003	209603_at	DENDa2 HLA-DR+ CD3- CD14- CD16- CD19- CD56- CD123- CD11c+	DENDa2 HLA-DR+ CD3- CD14- CD16- CD19- CD56- CD123- CD11c+ rep1	5.22507	0	healthy
5003	209603_at	DENDa2 HLA-DR+ CD3- CD14- CD16- CD19- CD56- CD123- CD11c+	DENDa2 HLA-DR+ CD3- CD14- CD16- CD19- CD56- CD123- CD11c+ rep2	6.92533	0	healthy
5003	209603_at	DENDa2 HLA-DR+ CD3- CD14- CD16- CD19- CD56- CD123- CD11c+	DENDa2 HLA-DR+ CD3- CD14- CD16- CD19- CD56- CD123- CD11c+ rep3	6.72063	0	healthy
5003	209603_at	DENDa2 HLA-DR+ CD3- CD14- CD16- CD19- CD56- CD123- CD11c+	DENDa2 HLA-DR+ CD3- CD14- CD16- CD19- CD56- CD123- CD11c+ rep4	4.92622	0	healthy
5003	209603_at	DENDa2 HLA-DR+ CD3- CD14- CD16- CD19- CD56- CD123- CD11c+	DENDa2 HLA-DR+ CD3- CD14- CD16- CD19- CD56- CD123- CD11c+ rep5	3.18839	0	healthy
5003	209603_at	DENDa1 HLA-DR+ CD3- CD14- CD16- CD19- CD56- CD123+ CD11c-	DENDa1 HLA-DR+ CD3- CD14- CD16- CD19- CD56- CD123+ CD11c- rep1	5.31792	0	healthy
5003	209603_at	DENDa1 HLA-DR+ CD3- CD14- CD16- CD19- CD56- CD123+ CD11c-	DENDa1 HLA-DR+ CD3- CD14- CD16- CD19- CD56- CD123+ CD11c- rep2	4.35111	0	healthy
5003	209603_at	DENDa1 HLA-DR+ CD3- CD14- CD16- CD19- CD56- CD123+ CD11c-	DENDa1 HLA-DR+ CD3- CD14- CD16- CD19- CD56- CD123+ CD11c- rep3	4.69746	0	healthy
5003	209603_at	DENDa1 HLA-DR+ CD3- CD14- CD16- CD19- CD56- CD123+ CD11c-	DENDa1 HLA-DR+ CD3- CD14- CD16- CD19- CD56- CD123+ CD11c- rep4	5.11051	0	healthy
5003	209603_at	DENDa1 HLA-DR+ CD3- CD14- CD16- CD19- CD56- CD123+ CD11c-	DENDa1 HLA-DR+ CD3- CD14- CD16- CD19- CD56- CD123+ CD11c- rep5	6.71475	0	healthy
5003	209603_at	PRE_BCELL2 CD34+ CD10+ CD19+	PRE_BCELL2 CD34+ CD10+ CD19+ rep1	9.61658	0	healthy
5003	209603_at	PRE_BCELL2 CD34+ CD10+ CD19+	PRE_BCELL2 CD34+ CD10+ CD19+ rep2	5.42015	0	healthy
5003	209603_at	PRE_BCELL2 CD34+ CD10+ CD19+	PRE_BCELL2 CD34+ CD10+ CD19+ rep3	7.01351	0	healthy
5003	209603_at	PRE_BCELL2 CD34+ CD10+ CD19+	PRE_BCELL2 CD34+ CD10+ CD19+ rep4	6.25913	0	healthy
5003	209603_at	PRE_BCELL3 CD34- CD10+ CD19+	PRE_BCELL3 CD34- CD10+ CD19+ rep1	10.60267	0	healthy
5003	209603_at	PRE_BCELL3 CD34- CD10+ CD19+	PRE_BCELL3 CD34- CD10+ CD19+ rep2	6.42287	0	healthy
5003	209603_at	PRE_BCELL3 CD34- CD10+ CD19+	PRE_BCELL3 CD34- CD10+ CD19+ rep3	5.12995	0	healthy
5003	209603_at	PRE_BCELL3 CD34- CD10+ CD19+	PRE_BCELL3 CD34- CD10+ CD19+ rep4	6.7368	0	healthy
5003	209603_at	PRE_BCELL3 CD34- CD10+ CD19+	PRE_BCELL3 CD34- CD10+ CD19+ rep5	4.31882	0	healthy
5003	209603_at	BCELLa1 CD19+ IgD+ CD27-	BCELLa1 CD19+ IgD+ CD27- rep1	5.41871	0	Un-healthy
5003	209603_at	BCELLa1 CD19+ IgD+ CD27-	BCELLa1 CD19+ IgD+ CD27- rep2	4.43902	0	Un-healthy
5003	209603_at	BCELLa1 CD19+ IgD+ CD27-	BCELLa1 CD19+ IgD+ CD27- rep3	3.87103	0	Un-healthy
5003	209603_at	BCELLa1 CD19+ IgD+ CD27-	BCELLa1 CD19+ IgD+ CD27- rep4	3.71014	0	Un-healthy
5003	209603_at	BCELLa1 CD19+ IgD+ CD27-	BCELLa1 CD19+ IgD+ CD27- rep5	5.0869	0	healthy
5003	209603_at	BCELLa2 CD19+ IgD+ CD27+	BCELLa2 CD19+ IgD+ CD27+ rep1	4.88769	0	healthy
5003	209603_at	BCELLa2 CD19+ IgD+ CD27+	BCELLa2 CD19+ IgD+ CD27+ rep2	7.87137	0	healthy
5003	209603_at	BCELLa2 CD19+ IgD+ CD27+	BCELLa2 CD19+ IgD+ CD27+ rep3	4.71527	0	healthy
5003	209603_at	BCELLa2 CD19+ IgD+ CD27+	BCELLa2 CD19+ IgD+ CD27+ rep4	3.33762	0	healthy
5003	209603_at	BCELLa2 CD19+ IgD+ CD27+	BCELLa2 CD19+ IgD+ CD27+ rep5	3.63263	0	Un-healthy
5003	209603_at	BCELLa3 CD19+ IgD- CD27-	BCELLa3 CD19+ IgD- CD27- rep1	5.74908	0	Un-healthy
5003	209603_at	BCELLa3 CD19+ IgD- CD27-	BCELLa3 CD19+ IgD- CD27- rep2	3.7564	0	Un-healthy
5003	209603_at	BCELLa3 CD19+ IgD- CD27-	BCELLa3 CD19+ IgD- CD27- rep3	4.35689	0	Un-healthy
5003	209603_at	BCELLa3 CD19+ IgD- CD27-	BCELLa3 CD19+ IgD- CD27- rep4	8.11963	0	Un-healthy
5003	209603_at	BCELLa3 CD19+ IgD- CD27-	BCELLa3 CD19+ IgD- CD27- rep5	3.82304	0	Un-healthy
5003	209603_at	BCELLa4 CD19+ IgD- CD27+	BCELLa4 CD19+ IgD- CD27+ rep1	4.90549	0	Un-healthy
5003	209603_at	BCELLa4 CD19+ IgD- CD27+	BCELLa4 CD19+ IgD- CD27+ rep2	4.73879	0	healthy
5003	209603_at	BCELLa4 CD19+ IgD- CD27+	BCELLa4 CD19+ IgD- CD27+ rep3	4.53889	0	healthy
5003	209603_at	BCELLa4 CD19+ IgD- CD27+	BCELLa4 CD19+ IgD- CD27+ rep4	5.62357	0	healthy
5003	209603_at	BCELLa4 CD19+ IgD- CD27+	BCELLa4 CD19+ IgD- CD27+ rep5	4.88705	0	healthy
5003	209603_at	NKa1 CD56- CD16+ CD3-	NKa1 CD56- CD16+ CD3- rep1	5.6972	0	healthy
5003	209603_at	NKa1 CD56- CD16+ CD3-	NKa1 CD56- CD16+ CD3- rep2	7.18435	0	healthy
5003	209603_at	NKa1 CD56- CD16+ CD3-	NKa1 CD56- CD16+ CD3- rep3	4.97934	0	healthy
5003	209603_at	NKa1 CD56- CD16+ CD3-	NKa1 CD56- CD16+ CD3- rep4	5.82586	0	healthy
5003	209603_at	NKa2 CD56+ CD16+ CD3-	NKa2 CD56+ CD16+ CD3- rep1	11.54882	0	healthy
5003	209603_at	NKa2 CD56+ CD16+ CD3-	NKa2 CD56+ CD16+ CD3- rep2	11.48854	0	healthy
5003	209603_at	NKa2 CD56+ CD16+ CD3-	NKa2 CD56+ CD16+ CD3- rep3	12.39537	0	healthy
5003	209603_at	NKa2 CD56+ CD16+ CD3-	NKa2 CD56+ CD16+ CD3- rep4	11.75839	0	healthy
5003	209603_at	NKa2 CD56+ CD16+ CD3-	NKa2 CD56+ CD16+ CD3- rep5	11.92575	0	healthy
5003	209603_at	NKa3 CD56- CD16- CD3-	NKa3 CD56- CD16- CD3- rep1	12.73637	0	healthy
5003	209603_at	NKa3 CD56- CD16- CD3-	NKa3 CD56- CD16- CD3- rep2	12.96108	0	healthy
5003	209603_at	NKa3 CD56- CD16- CD3-	NKa3 CD56- CD16- CD3- rep3	12.63229	0	healthy
5003	209603_at	NKa3 CD56- CD16- CD3-	NKa3 CD56- CD16- CD3- rep4	13.54658	0	healthy
5003	209603_at	NKa3 CD56- CD16- CD3-	NKa3 CD56- CD16- CD3- rep5	13.07201	0	healthy
5003	209603_at	NKa4 CD14- CD19- CD3+ CD1d+	NKa4 CD14- CD19- CD3+ CD1d+ rep1	11.88379	0	healthy
5003	209603_at	NKa4 CD14- CD19- CD3+ CD1d+	NKa4 CD14- CD19- CD3+ CD1d+ rep2	12.61594	0	healthy
5003	209603_at	NKa4 CD14- CD19- CD3+ CD1d+	NKa4 CD14- CD19- CD3+ CD1d+ rep3	6.25312	0	healthy
5003	209603_at	NKa4 CD14- CD19- CD3+ CD1d+	NKa4 CD14- CD19- CD3+ CD1d+ rep4	10.56754	0	healthy
5003	209603_at	TCEL2 CD8+ CD62L+ CD45RA+	TCEL2 CD8+ CD62L+ CD45RA+ rep1	11.9634	0	healthy
5003	209603_at	TCEL2 CD8+ CD62L+ CD45RA+	TCEL2 CD8+ CD62L+ CD45RA+ rep2	11.67072	0	healthy
5003	209603_at	TCEL2 CD8+ CD62L+ CD45RA+	TCEL2 CD8+ CD62L+ CD45RA+ rep3	11.57595	0	healthy
5003	209603_at	TCEL2 CD8+ CD62L+ CD45RA+	TCEL2 CD8+ CD62L+ CD45RA+ rep4	11.4288	0	healthy
5003	209603_at	TCEL2 CD8+ CD62L+ CD45RA+	TCEL2 CD8+ CD62L+ CD45RA+ rep5	11.76324	0	healthy
5003	209603_at	TCEL2 CD8+ CD62L+ CD45RA+	TCEL2 CD8+ CD62L+ CD45RA+ rep6	11.64363	0	healthy
5003	209603_at	TCEL2 CD8+ CD62L+ CD45RA+	TCEL2 CD8+ CD62L+ CD45RA+ rep7	11.66724	0	healthy
5003	209603_at	TCEL1 CD8+ CD62L- CD45RA+	TCEL1 CD8+ CD62L- CD45RA+ rep1	11.78871	0	Un-healthy
5003	209603_at	TCEL1 CD8+ CD62L- CD45RA+	TCEL1 CD8+ CD62L- CD45RA+ rep2	12.91374	0	Un-healthy
5003	209603_at	TCEL1 CD8+ CD62L- CD45RA+	TCEL1 CD8+ CD62L- CD45RA+ rep3	11.43947	0	Un-healthy
5003	209603_at	TCEL1 CD8+ CD62L- CD45RA+	TCEL1 CD8+ CD62L- CD45RA+ rep4	10.31265	0	Un-healthy
5003	209603_at	TCEL3 CD8+ CD62L- CD45RA-	TCEL3 CD8+ CD62L- CD45RA- rep1	11.99828	0	healthy
5003	209603_at	TCEL3 CD8+ CD62L- CD45RA-	TCEL3 CD8+ CD62L- CD45RA- rep2	12.27117	0	healthy
5003	209603_at	TCEL3 CD8+ CD62L- CD45RA-	TCEL3 CD8+ CD62L- CD45RA- rep3	13.09964	0	healthy
5003	209603_at	TCEL3 CD8+ CD62L- CD45RA-	TCEL3 CD8+ CD62L- CD45RA- rep4	12.46744	0	healthy
5003	209603_at	TCEL3 CD8+ CD62L- CD45RA-	TCEL3 CD8+ CD62L- CD45RA- rep5	11.97667	0	healthy
5003	209603_at	TCEL3 CD8+ CD62L- CD45RA-	TCEL3 CD8+ CD62L- CD45RA- rep6	11.95007	0	Un-healthy
5003	209603_at	TCEL4 CD8+ CD62L+ CD45RA-	TCEL4 CD8+ CD62L+ CD45RA- rep1	12.22838	0	Un-healthy
5003	209603_at	TCEL4 CD8+ CD62L+ CD45RA-	TCEL4 CD8+ CD62L+ CD45RA- rep2	12.7696	0	Un-healthy
5003	209603_at	TCEL4 CD8+ CD62L+ CD45RA-	TCEL4 CD8+ CD62L+ CD45RA- rep3	12.76144	0	Un-healthy
5003	209603_at	TCEL4 CD8+ CD62L+ CD45RA-	TCEL4 CD8+ CD62L+ CD45RA- rep4	12.63277	0	Un-healthy
5003	209603_at	TCEL4 CD8+ CD62L+ CD45RA-	TCEL4 CD8+ CD62L+ CD45RA- rep5	12.86621	0	Un-healthy
5003	209603_at	TCEL4 CD8+ CD62L+ CD45RA-	TCEL4 CD8+ CD62L+ CD45RA- rep6	12.92039	0	Un-healthy
5003	209603_at	TCEL4 CD8+ CD62L+ CD45RA-	TCEL4 CD8+ CD62L+ CD45RA- rep7	12.9661	0	healthy
5003	209603_at	TCEL6 CD4+ CD62L+ CD45RA+	TCEL6 CD4+ CD62L+ CD45RA+ rep1	12.23052	0	healthy
5003	209603_at	TCEL6 CD4+ CD62L+ CD45RA+	TCEL6 CD4+ CD62L+ CD45RA+ rep2	11.49696	0	healthy
5003	209603_at	TCEL6 CD4+ CD62L+ CD45RA+	TCEL6 CD4+ CD62L+ CD45RA+ rep3	11.58748	0	healthy
5003	209603_at	TCEL6 CD4+ CD62L+ CD45RA+	TCEL6 CD4+ CD62L+ CD45RA+ rep4	11.66699	0	healthy
5003	209603_at	TCEL6 CD4+ CD62L+ CD45RA+	TCEL6 CD4+ CD62L+ CD45RA+ rep5	12.16475	0	healthy
5003	209603_at	TCEL6 CD4+ CD62L+ CD45RA+	TCEL6 CD4+ CD62L+ CD45RA+ rep6	11.67498	0	healthy
5003	209603_at	TCEL6 CD4+ CD62L+ CD45RA+	TCEL6 CD4+ CD62L+ CD45RA+ rep7	12.69056	0	healthy
5003	209603_at	TCEL7 CD4+ CD62L- CD45RA-	TCEL7 CD4+ CD62L- CD45RA- rep1	13.01343	0	healthy
5003	209603_at	TCEL7 CD4+ CD62L- CD45RA-	TCEL7 CD4+ CD62L- CD45RA- rep2	12.8656	0	healthy
5003	209603_at	TCEL7 CD4+ CD62L- CD45RA-	TCEL7 CD4+ CD62L- CD45RA- rep3	12.91209	0	healthy
5003	209603_at	TCEL7 CD4+ CD62L- CD45RA-	TCEL7 CD4+ CD62L- CD45RA- rep4	12.66684	0	healthy
5003	209603_at	TCEL7 CD4+ CD62L- CD45RA-	TCEL7 CD4+ CD62L- CD45RA- rep5	12.85754	0	healthy
5003	209603_at	TCEL7 CD4+ CD62L- CD45RA-	TCEL7 CD4+ CD62L- CD45RA- rep6	12.0869	0	healthy
5003	209603_at	TCEL7 CD4+ CD62L- CD45RA-	TCEL7 CD4+ CD62L- CD45RA- rep7	12.66391	0	healthy
5003	209603_at	TCEL8 CD4+ CD62L+ CD45RA-	TCEL8 CD4+ CD62L+ CD45RA- rep1	13.09902	0	healthy
5003	209603_at	TCEL8 CD4+ CD62L+ CD45RA-	TCEL8 CD4+ CD62L+ CD45RA- rep2	12.43303	0	healthy
5003	209603_at	TCEL8 CD4+ CD62L+ CD45RA-	TCEL8 CD4+ CD62L+ CD45RA- rep3	13.37307	0	healthy
5003	209603_at	TCEL8 CD4+ CD62L+ CD45RA-	TCEL8 CD4+ CD62L+ CD45RA- rep4	13.24422	0	healthy
5003	209603_at	TCEL8 CD4+ CD62L+ CD45RA-	TCEL8 CD4+ CD62L+ CD45RA- rep5	12.5002	0	healthy
5003	209603_at	TCEL8 CD4+ CD62L+ CD45RA-	TCEL8 CD4+ CD62L+ CD45RA- rep6	12.46744	0	healthy
5003	209603_at	TCEL8 CD4+ CD62L+ CD45RA-	TCEL8 CD4+ CD62L+ CD45RA- rep7	12.83555	0	healthy
5003	209604_s_at	HSC1 CD133+ CD34(dim)	HSC1 CD133+ CD34(dim) rep1	9.20311	0	healthy
5003	209604_s_at	HSC1 CD133+ CD34(dim)	HSC1 CD133+ CD34(dim) rep10	10.08739	0	healthy
5003	209604_s_at	HSC1 CD133+ CD34(dim)	HSC1 CD133+ CD34(dim) rep2	9.89143	0	healthy
5003	209604_s_at	HSC1 CD133+ CD34(dim)	HSC1 CD133+ CD34(dim) rep3	9.26434	0	healthy
5003	209604_s_at	HSC1 CD133+ CD34(dim)	HSC1 CD133+ CD34(dim) rep4	10.60435	0	healthy
5003	209604_s_at	HSC1 CD133+ CD34(dim)	HSC1 CD133+ CD34(dim) rep5	7.65276	0	healthy
5003	209604_s_at	HSC1 CD133+ CD34(dim)	HSC1 CD133+ CD34(dim) rep6	10.00924	0	healthy
5003	209604_s_at	HSC1 CD133+ CD34(dim)	HSC1 CD133+ CD34(dim) rep7	9.42871	0	Un-healthy
5003	209604_s_at	HSC1 CD133+ CD34(dim)	HSC1 CD133+ CD34(dim) rep8	7.74229	0	Un-healthy
5003	209604_s_at	HSC1 CD133+ CD34(dim)	HSC1 CD133+ CD34(dim) rep9	10.08681	0	Un-healthy
5003	209604_s_at	HSC2 CD38- CD34+	HSC2 CD38- CD34+ rep1	8.91914	0	Un-healthy
5003	209604_s_at	HSC2 CD38- CD34+	HSC2 CD38- CD34+ rep2	10.09896	0	healthy
5003	209604_s_at	HSC2 CD38- CD34+	HSC2 CD38- CD34+ rep3	9.20648	0	healthy
5003	209604_s_at	HSC2 CD38- CD34+	HSC2 CD38- CD34+ rep4	9.01847	0	healthy
5003	209604_s_at	CMP CD34+ CD38+ IL-3Ra(lo) CD45RA-	CMP CD34+ CD38+ IL-3Ra(lo) CD45RA- rep1	8.83227	0	healthy
5003	209604_s_at	CMP CD34+ CD38+ IL-3Ra(lo) CD45RA-	CMP CD34+ CD38+ IL-3Ra(lo) CD45RA- rep2	4.9586	0	healthy
5003	209604_s_at	CMP CD34+ CD38+ IL-3Ra(lo) CD45RA-	CMP CD34+ CD38+ IL-3Ra(lo) CD45RA- rep3	5.10866	0	Un-healthy
5003	209604_s_at	CMP CD34+ CD38+ IL-3Ra(lo) CD45RA-	CMP CD34+ CD38+ IL-3Ra(lo) CD45RA- rep4	5.05101	0	Un-healthy
5003	209604_s_at	MEP CD34+ CD38+ IL-3Ra- CD45RA-	MEP CD34+ CD38+ IL-3Ra- CD45RA- rep1	4.8141	0	Un-healthy
5003	209604_s_at	MEP CD34+ CD38+ IL-3Ra- CD45RA-	MEP CD34+ CD38+ IL-3Ra- CD45RA- rep2	5.26408	0	Un-healthy
5003	209604_s_at	MEP CD34+ CD38+ IL-3Ra- CD45RA-	MEP CD34+ CD38+ IL-3Ra- CD45RA- rep3	6.30249	0	Un-healthy
5003	209604_s_at	MEP CD34+ CD38+ IL-3Ra- CD45RA-	MEP CD34+ CD38+ IL-3Ra- CD45RA- rep4	6.01024	0	Un-healthy
5003	209604_s_at	MEP CD34+ CD38+ IL-3Ra- CD45RA-	MEP CD34+ CD38+ IL-3Ra- CD45RA- rep5	5.64748	0	Un-healthy
5003	209604_s_at	MEP CD34+ CD38+ IL-3Ra- CD45RA-	MEP CD34+ CD38+ IL-3Ra- CD45RA- rep6	5.67881	0	healthy
5003	209604_s_at	MEP CD34+ CD38+ IL-3Ra- CD45RA-	MEP CD34+ CD38+ IL-3Ra- CD45RA- rep7	7.48473	0	healthy
5003	209604_s_at	MEP CD34+ CD38+ IL-3Ra- CD45RA-	MEP CD34+ CD38+ IL-3Ra- CD45RA- rep8	7.56713	0	healthy
5003	209604_s_at	MEP CD34+ CD38+ IL-3Ra- CD45RA-	MEP CD34+ CD38+ IL-3Ra- CD45RA- rep9	6.54778	0	healthy
5003	209604_s_at	ERY1 CD34+ CD71+ GlyA-	ERY1 CD34+ CD71+ GlyA- rep1	5.90349	0	healthy
5003	209604_s_at	ERY1 CD34+ CD71+ GlyA-	ERY1 CD34+ CD71+ GlyA- rep2	6.90445	0	healthy
5003	209604_s_at	ERY1 CD34+ CD71+ GlyA-	ERY1 CD34+ CD71+ GlyA- rep3	9.124	0	healthy
5003	209604_s_at	ERY1 CD34+ CD71+ GlyA-	ERY1 CD34+ CD71+ GlyA- rep4	5.43648	0	healthy
5003	209604_s_at	ERY1 CD34+ CD71+ GlyA-	ERY1 CD34+ CD71+ GlyA- rep5	7.9644	0	healthy
5003	209604_s_at	ERY1 CD34+ CD71+ GlyA-	ERY1 CD34+ CD71+ GlyA- rep6	8.0657	0	healthy
5003	209604_s_at	ERY1 CD34+ CD71+ GlyA-	ERY1 CD34+ CD71+ GlyA- rep7	6.09245	0	healthy
5003	209604_s_at	ERY2 CD34- CD71+ GlyA-	ERY2 CD34- CD71+ GlyA- rep1	6.64802	0	healthy
5003	209604_s_at	ERY2 CD34- CD71+ GlyA-	ERY2 CD34- CD71+ GlyA- rep2	3.50126	0	healthy
5003	209604_s_at	ERY2 CD34- CD71+ GlyA-	ERY2 CD34- CD71+ GlyA- rep3	5.40639	0	healthy
5003	209604_s_at	ERY2 CD34- CD71+ GlyA-	ERY2 CD34- CD71+ GlyA- rep4	8.09339	0	healthy
5003	209604_s_at	ERY2 CD34- CD71+ GlyA-	ERY2 CD34- CD71+ GlyA- rep5	9.586	0	healthy
5003	209604_s_at	ERY2 CD34- CD71+ GlyA-	ERY2 CD34- CD71+ GlyA- rep6	5.29383	0	healthy
5003	209604_s_at	ERY2 CD34- CD71+ GlyA-	ERY2 CD34- CD71+ GlyA- rep7	7.5435	0	healthy
5003	209604_s_at	ERY3 CD34- CD71+ GlyA+	ERY3 CD34- CD71+ GlyA+ rep1	5.44239	0	healthy
5003	209604_s_at	ERY3 CD34- CD71+ GlyA+	ERY3 CD34- CD71+ GlyA+ rep2	3.25717	0	healthy
5003	209604_s_at	ERY3 CD34- CD71+ GlyA+	ERY3 CD34- CD71+ GlyA+ rep3	4.8036	0	healthy
5003	209604_s_at	ERY3 CD34- CD71+ GlyA+	ERY3 CD34- CD71+ GlyA+ rep4	3.65428	0	Un-healthy
5003	209604_s_at	ERY3 CD34- CD71+ GlyA+	ERY3 CD34- CD71+ GlyA+ rep5	6.37156	0	Un-healthy
5003	209604_s_at	ERY3 CD34- CD71+ GlyA+	ERY3 CD34- CD71+ GlyA+ rep6	3.58674	0	Un-healthy
5003	209604_s_at	ERY4 CD34- CD71(lo) GlyA+	ERY4 CD34- CD71(lo) GlyA+ rep1	5.51177	0	Un-healthy
5003	209604_s_at	ERY4 CD34- CD71(lo) GlyA+	ERY4 CD34- CD71(lo) GlyA+ rep2	6.10247	0	Un-healthy
5003	209604_s_at	ERY4 CD34- CD71(lo) GlyA+	ERY4 CD34- CD71(lo) GlyA+ rep3	7.03022	0	Un-healthy
5003	209604_s_at	ERY4 CD34- CD71(lo) GlyA+	ERY4 CD34- CD71(lo) GlyA+ rep4	7.3172	0	Un-healthy
5003	209604_s_at	ERY4 CD34- CD71(lo) GlyA+	ERY4 CD34- CD71(lo) GlyA+ rep5	7.28626	0	healthy
5003	209604_s_at	ERY4 CD34- CD71(lo) GlyA+	ERY4 CD34- CD71(lo) GlyA+ rep6	6.84898	0	healthy
5003	209604_s_at	ERY4 CD34- CD71(lo) GlyA+	ERY4 CD34- CD71(lo) GlyA+ rep7	5.86874	0	healthy
5003	209604_s_at	ERY5 CD34- CD71- GlyA+	ERY5 CD34- CD71- GlyA+ rep1	4.62186	0	healthy
5003	209604_s_at	ERY5 CD34- CD71- GlyA+	ERY5 CD34- CD71- GlyA+ rep2	6.03868	0	healthy
5003	209604_s_at	ERY5 CD34- CD71- GlyA+	ERY5 CD34- CD71- GlyA+ rep3	5.50624	0	healthy
5003	209604_s_at	ERY5 CD34- CD71- GlyA+	ERY5 CD34- CD71- GlyA+ rep4	4.93831	0	healthy
5003	209604_s_at	ERY5 CD34- CD71- GlyA+	ERY5 CD34- CD71- GlyA+ rep5	6.13058	0	healthy
5003	209604_s_at	ERY5 CD34- CD71- GlyA+	ERY5 CD34- CD71- GlyA+ rep6	5.38939	0	healthy
5003	209604_s_at	MEGA1 CD34+ CD41+ CD61+ CD45-	MEGA1 CD34+ CD41+ CD61+ CD45- rep1	7.75129	0	healthy
5003	209604_s_at	MEGA1 CD34+ CD41+ CD61+ CD45-	MEGA1 CD34+ CD41+ CD61+ CD45- rep2	5.83021	0	healthy
5003	209604_s_at	MEGA1 CD34+ CD41+ CD61+ CD45-	MEGA1 CD34+ CD41+ CD61+ CD45- rep3	8.1677	0	healthy
5003	209604_s_at	MEGA1 CD34+ CD41+ CD61+ CD45-	MEGA1 CD34+ CD41+ CD61+ CD45- rep4	8.67844	0	healthy
5003	209604_s_at	MEGA1 CD34+ CD41+ CD61+ CD45-	MEGA1 CD34+ CD41+ CD61+ CD45- rep5	8.43351	0	healthy
5003	209604_s_at	MEGA2 CD34- CD41+ CD61+ CD45-	MEGA2 CD34- CD41+ CD61+ CD45- rep1	6.55195	0	healthy
5003	209604_s_at	MEGA2 CD34- CD41+ CD61+ CD45-	MEGA2 CD34- CD41+ CD61+ CD45- rep2	10.71151	0	healthy
5003	209604_s_at	MEGA2 CD34- CD41+ CD61+ CD45-	MEGA2 CD34- CD41+ CD61+ CD45- rep3	9.13749	0	healthy
5003	209604_s_at	MEGA2 CD34- CD41+ CD61+ CD45-	MEGA2 CD34- CD41+ CD61+ CD45- rep4	10.25388	0	healthy
5003	209604_s_at	MEGA2 CD34- CD41+ CD61+ CD45-	MEGA2 CD34- CD41+ CD61+ CD45- rep5	7.47532	0	healthy
5003	209604_s_at	MEGA2 CD34- CD41+ CD61+ CD45-	MEGA2 CD34- CD41+ CD61+ CD45- rep6	8.2971	0	healthy
5003	209604_s_at	MEGA2 CD34- CD41+ CD61+ CD45-	MEGA2 CD34- CD41+ CD61+ CD45- rep7	7.89472	0	healthy
5003	209604_s_at	GMP CD34+ CD38+ IL-3Ra(lo) CD45RA+	GMP CD34+ CD38+ IL-3Ra(lo) CD45RA+ rep1	6.09974	0	healthy
5003	209604_s_at	GMP CD34+ CD38+ IL-3Ra(lo) CD45RA+	GMP CD34+ CD38+ IL-3Ra(lo) CD45RA+ rep2	6.43858	0	healthy
5003	209604_s_at	GMP CD34+ CD38+ IL-3Ra(lo) CD45RA+	GMP CD34+ CD38+ IL-3Ra(lo) CD45RA+ rep3	10.36696	0	healthy
5003	209604_s_at	GMP CD34+ CD38+ IL-3Ra(lo) CD45RA+	GMP CD34+ CD38+ IL-3Ra(lo) CD45RA+ rep4	4.43922	0	healthy
5003	209604_s_at	GRAN1 CD34- SSC(hi) CD45+ CD11b- CD16-	GRAN1 CD34- SSC(hi) CD45+ CD11b- CD16- rep1	10.26429	0	healthy
5003	209604_s_at	GRAN1 CD34- SSC(hi) CD45+ CD11b- CD16-	GRAN1 CD34- SSC(hi) CD45+ CD11b- CD16- rep2	9.733	0	healthy
5003	209604_s_at	GRAN1 CD34- SSC(hi) CD45+ CD11b- CD16-	GRAN1 CD34- SSC(hi) CD45+ CD11b- CD16- rep3	10.72716	0	healthy
5003	209604_s_at	GRAN1 CD34- SSC(hi) CD45+ CD11b- CD16-	GRAN1 CD34- SSC(hi) CD45+ CD11b- CD16- rep4	11.94561	0	healthy
5003	209604_s_at	GRAN1 CD34- SSC(hi) CD45+ CD11b- CD16-	GRAN1 CD34- SSC(hi) CD45+ CD11b- CD16- rep5	11.66277	0	Un-healthy
5003	209604_s_at	GRAN2 CD34- SSC(hi) CD45+ CD11b+ CD16-	GRAN2 CD34- SSC(hi) CD45+ CD11b+ CD16- rep1	7.14187	0	Un-healthy
5003	209604_s_at	GRAN2 CD34- SSC(hi) CD45+ CD11b+ CD16-	GRAN2 CD34- SSC(hi) CD45+ CD11b+ CD16- rep2	6.83751	0	Un-healthy
5003	209604_s_at	GRAN2 CD34- SSC(hi) CD45+ CD11b+ CD16-	GRAN2 CD34- SSC(hi) CD45+ CD11b+ CD16- rep3	6.67474	0	Un-healthy
5003	209604_s_at	GRAN2 CD34- SSC(hi) CD45+ CD11b+ CD16-	GRAN2 CD34- SSC(hi) CD45+ CD11b+ CD16- rep4	10.99784	0	healthy
5003	209604_s_at	GRAN3 FSC(hi) SSC(hi) CD16+ CD11b+	GRAN3 FSC(hi) SSC(hi) CD16+ CD11b+ rep1	9.20476	0	healthy
5003	209604_s_at	GRAN3 FSC(hi) SSC(hi) CD16+ CD11b+	GRAN3 FSC(hi) SSC(hi) CD16+ CD11b+ rep2	9.54365	0	healthy
5003	209604_s_at	GRAN3 FSC(hi) SSC(hi) CD16+ CD11b+	GRAN3 FSC(hi) SSC(hi) CD16+ CD11b+ rep3	9.31132	0	healthy
5003	209604_s_at	GRAN3 FSC(hi) SSC(hi) CD16+ CD11b+	GRAN3 FSC(hi) SSC(hi) CD16+ CD11b+ rep4	10.84599	0	healthy
5003	209604_s_at	MONO1 CD34- CD33+ CD13+	MONO1 CD34- CD33+ CD13+ rep1	5.78091	0	Un-healthy
5003	209604_s_at	MONO1 CD34- CD33+ CD13+	MONO1 CD34- CD33+ CD13+ rep2	5.65157	0	Un-healthy
5003	209604_s_at	MONO1 CD34- CD33+ CD13+	MONO1 CD34- CD33+ CD13+ rep3	7.79799	0	Un-healthy
5003	209604_s_at	MONO1 CD34- CD33+ CD13+	MONO1 CD34- CD33+ CD13+ rep4	7.03283	0	Un-healthy
5003	209604_s_at	MONO2 FSC(hi) SSC(lo) CD14+ CD45(dim)	MONO2 FSC(hi) SSC(lo) CD14+ CD45(dim) rep1	6.67082	0	Un-healthy
5003	209604_s_at	MONO2 FSC(hi) SSC(lo) CD14+ CD45(dim)	MONO2 FSC(hi) SSC(lo) CD14+ CD45(dim) rep2	4.45565	0	Un-healthy
5003	209604_s_at	MONO2 FSC(hi) SSC(lo) CD14+ CD45(dim)	MONO2 FSC(hi) SSC(lo) CD14+ CD45(dim) rep3	4.24614	0	Un-healthy
5003	209604_s_at	MONO2 FSC(hi) SSC(lo) CD14+ CD45(dim)	MONO2 FSC(hi) SSC(lo) CD14+ CD45(dim) rep4	4.37814	0	healthy
5003	209604_s_at	MONO2 FSC(hi) SSC(lo) CD14+ CD45(dim)	MONO2 FSC(hi) SSC(lo) CD14+ CD45(dim) rep5	3.62086	0	healthy
5003	209604_s_at	EOS2 FSC(hi) SSC(lo) IL3-Ra+ CD33(dim)+	EOS2 FSC(hi) SSC(lo) IL3-Ra+ CD33(dim)+ rep1	7.72351	0	healthy
5003	209604_s_at	EOS2 FSC(hi) SSC(lo) IL3-Ra+ CD33(dim)+	EOS2 FSC(hi) SSC(lo) IL3-Ra+ CD33(dim)+ rep2	7.67437	0	healthy
5003	209604_s_at	EOS2 FSC(hi) SSC(lo) IL3-Ra+ CD33(dim)+	EOS2 FSC(hi) SSC(lo) IL3-Ra+ CD33(dim)+ rep3	6.33156	0	healthy
5003	209604_s_at	EOS2 FSC(hi) SSC(lo) IL3-Ra+ CD33(dim)+	EOS2 FSC(hi) SSC(lo) IL3-Ra+ CD33(dim)+ rep4	6.00824	0	healthy
5003	209604_s_at	EOS2 FSC(hi) SSC(lo) IL3-Ra+ CD33(dim)+	EOS2 FSC(hi) SSC(lo) IL3-Ra+ CD33(dim)+ rep5	7.22867	0	healthy
5003	209604_s_at	BASO1 FSC(hi) SSC(lo) CD22+ CD123+ CD33+/- CD45(dim)	BASO1 FSC(hi) SSC(lo) CD22+ CD123+ CD33+/- CD45(dim) rep1	7.18459	0	healthy
5003	209604_s_at	BASO1 FSC(hi) SSC(lo) CD22+ CD123+ CD33+/- CD45(dim)	BASO1 FSC(hi) SSC(lo) CD22+ CD123+ CD33+/- CD45(dim) rep2	7.58042	0	healthy
5003	209604_s_at	BASO1 FSC(hi) SSC(lo) CD22+ CD123+ CD33+/- CD45(dim)	BASO1 FSC(hi) SSC(lo) CD22+ CD123+ CD33+/- CD45(dim) rep3	5.69974	0	healthy
5003	209604_s_at	BASO1 FSC(hi) SSC(lo) CD22+ CD123+ CD33+/- CD45(dim)	BASO1 FSC(hi) SSC(lo) CD22+ CD123+ CD33+/- CD45(dim) rep4	5.32113	0	healthy
5003	209604_s_at	BASO1 FSC(hi) SSC(lo) CD22+ CD123+ CD33+/- CD45(dim)	BASO1 FSC(hi) SSC(lo) CD22+ CD123+ CD33+/- CD45(dim) rep5	7.04177	0	healthy
5003	209604_s_at	BASO1 FSC(hi) SSC(lo) CD22+ CD123+ CD33+/- CD45(dim)	BASO1 FSC(hi) SSC(lo) CD22+ CD123+ CD33+/- CD45(dim) rep6	5.85931	0	healthy
5003	209604_s_at	DENDa2 HLA-DR+ CD3- CD14- CD16- CD19- CD56- CD123- CD11c+	DENDa2 HLA-DR+ CD3- CD14- CD16- CD19- CD56- CD123- CD11c+ rep1	6.34111	0	healthy
5003	209604_s_at	DENDa2 HLA-DR+ CD3- CD14- CD16- CD19- CD56- CD123- CD11c+	DENDa2 HLA-DR+ CD3- CD14- CD16- CD19- CD56- CD123- CD11c+ rep2	5.48183	0	healthy
5003	209604_s_at	DENDa2 HLA-DR+ CD3- CD14- CD16- CD19- CD56- CD123- CD11c+	DENDa2 HLA-DR+ CD3- CD14- CD16- CD19- CD56- CD123- CD11c+ rep3	5.98216	0	healthy
5003	209604_s_at	DENDa2 HLA-DR+ CD3- CD14- CD16- CD19- CD56- CD123- CD11c+	DENDa2 HLA-DR+ CD3- CD14- CD16- CD19- CD56- CD123- CD11c+ rep4	4.84878	0	healthy
5003	209604_s_at	DENDa2 HLA-DR+ CD3- CD14- CD16- CD19- CD56- CD123- CD11c+	DENDa2 HLA-DR+ CD3- CD14- CD16- CD19- CD56- CD123- CD11c+ rep5	5.86794	0	healthy
5003	209604_s_at	DENDa1 HLA-DR+ CD3- CD14- CD16- CD19- CD56- CD123+ CD11c-	DENDa1 HLA-DR+ CD3- CD14- CD16- CD19- CD56- CD123+ CD11c- rep1	7.20902	0	healthy
5003	209604_s_at	DENDa1 HLA-DR+ CD3- CD14- CD16- CD19- CD56- CD123+ CD11c-	DENDa1 HLA-DR+ CD3- CD14- CD16- CD19- CD56- CD123+ CD11c- rep2	6.24638	0	healthy
5003	209604_s_at	DENDa1 HLA-DR+ CD3- CD14- CD16- CD19- CD56- CD123+ CD11c-	DENDa1 HLA-DR+ CD3- CD14- CD16- CD19- CD56- CD123+ CD11c- rep3	9.00884	0	healthy
5003	209604_s_at	DENDa1 HLA-DR+ CD3- CD14- CD16- CD19- CD56- CD123+ CD11c-	DENDa1 HLA-DR+ CD3- CD14- CD16- CD19- CD56- CD123+ CD11c- rep4	4.52425	0	healthy
5003	209604_s_at	DENDa1 HLA-DR+ CD3- CD14- CD16- CD19- CD56- CD123+ CD11c-	DENDa1 HLA-DR+ CD3- CD14- CD16- CD19- CD56- CD123+ CD11c- rep5	5.90455	0	healthy
5003	209604_s_at	PRE_BCELL2 CD34+ CD10+ CD19+	PRE_BCELL2 CD34+ CD10+ CD19+ rep1	8.9931	0	healthy
5003	209604_s_at	PRE_BCELL2 CD34+ CD10+ CD19+	PRE_BCELL2 CD34+ CD10+ CD19+ rep2	7.20698	0	healthy
5003	209604_s_at	PRE_BCELL2 CD34+ CD10+ CD19+	PRE_BCELL2 CD34+ CD10+ CD19+ rep3	6.68594	0	healthy
5003	209604_s_at	PRE_BCELL2 CD34+ CD10+ CD19+	PRE_BCELL2 CD34+ CD10+ CD19+ rep4	7.54371	0	healthy
5003	209604_s_at	PRE_BCELL3 CD34- CD10+ CD19+	PRE_BCELL3 CD34- CD10+ CD19+ rep1	9.2951	0	healthy
5003	209604_s_at	PRE_BCELL3 CD34- CD10+ CD19+	PRE_BCELL3 CD34- CD10+ CD19+ rep2	6.00738	0	healthy
5003	209604_s_at	PRE_BCELL3 CD34- CD10+ CD19+	PRE_BCELL3 CD34- CD10+ CD19+ rep3	6.03112	0	Un-healthy
5003	209604_s_at	PRE_BCELL3 CD34- CD10+ CD19+	PRE_BCELL3 CD34- CD10+ CD19+ rep4	4.28873	0	Un-healthy
5003	209604_s_at	PRE_BCELL3 CD34- CD10+ CD19+	PRE_BCELL3 CD34- CD10+ CD19+ rep5	7.31107	0	Un-healthy
5003	209604_s_at	BCELLa1 CD19+ IgD+ CD27-	BCELLa1 CD19+ IgD+ CD27- rep1	6.06151	0	Un-healthy
5003	209604_s_at	BCELLa1 CD19+ IgD+ CD27-	BCELLa1 CD19+ IgD+ CD27- rep2	5.80326	0	healthy
5003	209604_s_at	BCELLa1 CD19+ IgD+ CD27-	BCELLa1 CD19+ IgD+ CD27- rep3	7.10575	0	healthy
5003	209604_s_at	BCELLa1 CD19+ IgD+ CD27-	BCELLa1 CD19+ IgD+ CD27- rep4	5.95655	0	healthy
5003	209604_s_at	BCELLa1 CD19+ IgD+ CD27-	BCELLa1 CD19+ IgD+ CD27- rep5	5.36169	0	healthy
5003	209604_s_at	BCELLa2 CD19+ IgD+ CD27+	BCELLa2 CD19+ IgD+ CD27+ rep1	6.30237	0	healthy
5003	209604_s_at	BCELLa2 CD19+ IgD+ CD27+	BCELLa2 CD19+ IgD+ CD27+ rep2	6.69634	0	Un-healthy
5003	209604_s_at	BCELLa2 CD19+ IgD+ CD27+	BCELLa2 CD19+ IgD+ CD27+ rep3	5.90195	0	Un-healthy
5003	209604_s_at	BCELLa2 CD19+ IgD+ CD27+	BCELLa2 CD19+ IgD+ CD27+ rep4	5.6504	0	Un-healthy
5003	209604_s_at	BCELLa2 CD19+ IgD+ CD27+	BCELLa2 CD19+ IgD+ CD27+ rep5	5.0366	0	Un-healthy
5003	209604_s_at	BCELLa3 CD19+ IgD- CD27-	BCELLa3 CD19+ IgD- CD27- rep1	8.83952	0	Un-healthy
5003	209604_s_at	BCELLa3 CD19+ IgD- CD27-	BCELLa3 CD19+ IgD- CD27- rep2	5.98924	0	Un-healthy
5003	209604_s_at	BCELLa3 CD19+ IgD- CD27-	BCELLa3 CD19+ IgD- CD27- rep3	7.44679	0	Un-healthy
5003	209604_s_at	BCELLa3 CD19+ IgD- CD27-	BCELLa3 CD19+ IgD- CD27- rep4	6.51477	0	healthy
5003	209604_s_at	BCELLa3 CD19+ IgD- CD27-	BCELLa3 CD19+ IgD- CD27- rep5	5.69354	0	healthy
5003	209604_s_at	BCELLa4 CD19+ IgD- CD27+	BCELLa4 CD19+ IgD- CD27+ rep1	6.86031	0	healthy
5003	209604_s_at	BCELLa4 CD19+ IgD- CD27+	BCELLa4 CD19+ IgD- CD27+ rep2	6.92533	0	healthy
5003	209604_s_at	BCELLa4 CD19+ IgD- CD27+	BCELLa4 CD19+ IgD- CD27+ rep3	5.54393	0	healthy
5003	209604_s_at	BCELLa4 CD19+ IgD- CD27+	BCELLa4 CD19+ IgD- CD27+ rep4	7.00445	0	healthy
5003	209604_s_at	BCELLa4 CD19+ IgD- CD27+	BCELLa4 CD19+ IgD- CD27+ rep5	5.35237	0	healthy
5003	209604_s_at	NKa1 CD56- CD16+ CD3-	NKa1 CD56- CD16+ CD3- rep1	5.87287	0	healthy
5003	209604_s_at	NKa1 CD56- CD16+ CD3-	NKa1 CD56- CD16+ CD3- rep2	5.69696	0	healthy
5003	209604_s_at	NKa1 CD56- CD16+ CD3-	NKa1 CD56- CD16+ CD3- rep3	5.54733	0	healthy
5003	209604_s_at	NKa1 CD56- CD16+ CD3-	NKa1 CD56- CD16+ CD3- rep4	6.22146	0	healthy
5003	209604_s_at	NKa2 CD56+ CD16+ CD3-	NKa2 CD56+ CD16+ CD3- rep1	10.38915	0	healthy
5003	209604_s_at	NKa2 CD56+ CD16+ CD3-	NKa2 CD56+ CD16+ CD3- rep2	11.00268	0	healthy
5003	209604_s_at	NKa2 CD56+ CD16+ CD3-	NKa2 CD56+ CD16+ CD3- rep3	11.73953	0	healthy
5003	209604_s_at	NKa2 CD56+ CD16+ CD3-	NKa2 CD56+ CD16+ CD3- rep4	11.22065	0	healthy
5003	209604_s_at	NKa2 CD56+ CD16+ CD3-	NKa2 CD56+ CD16+ CD3- rep5	11.30342	0	healthy
5003	209604_s_at	NKa3 CD56- CD16- CD3-	NKa3 CD56- CD16- CD3- rep1	11.95044	0	healthy
5003	209604_s_at	NKa3 CD56- CD16- CD3-	NKa3 CD56- CD16- CD3- rep2	12.87993	0	healthy
5003	209604_s_at	NKa3 CD56- CD16- CD3-	NKa3 CD56- CD16- CD3- rep3	12.45003	0	healthy
5003	209604_s_at	NKa3 CD56- CD16- CD3-	NKa3 CD56- CD16- CD3- rep4	13.02116	0	healthy
5003	209604_s_at	NKa3 CD56- CD16- CD3-	NKa3 CD56- CD16- CD3- rep5	12.44954	0	healthy
5003	209604_s_at	NKa4 CD14- CD19- CD3+ CD1d+	NKa4 CD14- CD19- CD3+ CD1d+ rep1	10.70009	0	healthy
5003	209604_s_at	NKa4 CD14- CD19- CD3+ CD1d+	NKa4 CD14- CD19- CD3+ CD1d+ rep2	11.92805	0	healthy
5003	209604_s_at	NKa4 CD14- CD19- CD3+ CD1d+	NKa4 CD14- CD19- CD3+ CD1d+ rep3	6.03984	0	healthy
5003	209604_s_at	NKa4 CD14- CD19- CD3+ CD1d+	NKa4 CD14- CD19- CD3+ CD1d+ rep4	8.28697	0	healthy
5003	209604_s_at	TCEL2 CD8+ CD62L+ CD45RA+	TCEL2 CD8+ CD62L+ CD45RA+ rep1	10.86184	0	healthy
5003	209604_s_at	TCEL2 CD8+ CD62L+ CD45RA+	TCEL2 CD8+ CD62L+ CD45RA+ rep2	10.90306	0	healthy
5003	209604_s_at	TCEL2 CD8+ CD62L+ CD45RA+	TCEL2 CD8+ CD62L+ CD45RA+ rep3	11.13698	0	healthy
5003	209604_s_at	TCEL2 CD8+ CD62L+ CD45RA+	TCEL2 CD8+ CD62L+ CD45RA+ rep4	10.76323	0	healthy
5003	209604_s_at	TCEL2 CD8+ CD62L+ CD45RA+	TCEL2 CD8+ CD62L+ CD45RA+ rep5	11.3793	0	Un-healthy
5003	209604_s_at	TCEL2 CD8+ CD62L+ CD45RA+	TCEL2 CD8+ CD62L+ CD45RA+ rep6	10.59259	0	Un-healthy
5003	209604_s_at	TCEL2 CD8+ CD62L+ CD45RA+	TCEL2 CD8+ CD62L+ CD45RA+ rep7	10.08169	0	Un-healthy
5003	209604_s_at	TCEL1 CD8+ CD62L- CD45RA+	TCEL1 CD8+ CD62L- CD45RA+ rep1	11.18388	0	Un-healthy
5003	209604_s_at	TCEL1 CD8+ CD62L- CD45RA+	TCEL1 CD8+ CD62L- CD45RA+ rep2	11.24836	0	healthy
5003	209604_s_at	TCEL1 CD8+ CD62L- CD45RA+	TCEL1 CD8+ CD62L- CD45RA+ rep3	11.28142	0	healthy
5003	209604_s_at	TCEL1 CD8+ CD62L- CD45RA+	TCEL1 CD8+ CD62L- CD45RA+ rep4	9.42356	0	healthy
5003	209604_s_at	TCEL3 CD8+ CD62L- CD45RA-	TCEL3 CD8+ CD62L- CD45RA- rep1	11.12697	0	healthy
5003	209604_s_at	TCEL3 CD8+ CD62L- CD45RA-	TCEL3 CD8+ CD62L- CD45RA- rep2	12.15534	0	healthy
5003	209604_s_at	TCEL3 CD8+ CD62L- CD45RA-	TCEL3 CD8+ CD62L- CD45RA- rep3	12.05217	0	Un-healthy
5003	209604_s_at	TCEL3 CD8+ CD62L- CD45RA-	TCEL3 CD8+ CD62L- CD45RA- rep4	11.83362	0	Un-healthy
5003	209604_s_at	TCEL3 CD8+ CD62L- CD45RA-	TCEL3 CD8+ CD62L- CD45RA- rep5	11.74248	0	Un-healthy
5003	209604_s_at	TCEL3 CD8+ CD62L- CD45RA-	TCEL3 CD8+ CD62L- CD45RA- rep6	11.76494	0	Un-healthy
5003	209604_s_at	TCEL4 CD8+ CD62L+ CD45RA-	TCEL4 CD8+ CD62L+ CD45RA- rep1	11.5571	0	Un-healthy
5003	209604_s_at	TCEL4 CD8+ CD62L+ CD45RA-	TCEL4 CD8+ CD62L+ CD45RA- rep2	12.59012	0	Un-healthy
5003	209604_s_at	TCEL4 CD8+ CD62L+ CD45RA-	TCEL4 CD8+ CD62L+ CD45RA- rep3	12.74075	0	Un-healthy
5003	209604_s_at	TCEL4 CD8+ CD62L+ CD45RA-	TCEL4 CD8+ CD62L+ CD45RA- rep4	12.34007	0	healthy
5003	209604_s_at	TCEL4 CD8+ CD62L+ CD45RA-	TCEL4 CD8+ CD62L+ CD45RA- rep5	13.3435	0	healthy
5003	209604_s_at	TCEL4 CD8+ CD62L+ CD45RA-	TCEL4 CD8+ CD62L+ CD45RA- rep6	12.13676	0	healthy
5003	209604_s_at	TCEL4 CD8+ CD62L+ CD45RA-	TCEL4 CD8+ CD62L+ CD45RA- rep7	11.65498	0	healthy
5003	209604_s_at	TCEL6 CD4+ CD62L+ CD45RA+	TCEL6 CD4+ CD62L+ CD45RA+ rep1	11.08302	0	healthy
5003	209604_s_at	TCEL6 CD4+ CD62L+ CD45RA+	TCEL6 CD4+ CD62L+ CD45RA+ rep2	11.4403	0	healthy
5003	209604_s_at	TCEL6 CD4+ CD62L+ CD45RA+	TCEL6 CD4+ CD62L+ CD45RA+ rep3	11.38124	0	healthy
5003	209604_s_at	TCEL6 CD4+ CD62L+ CD45RA+	TCEL6 CD4+ CD62L+ CD45RA+ rep4	11.22188	0	healthy
5003	209604_s_at	TCEL6 CD4+ CD62L+ CD45RA+	TCEL6 CD4+ CD62L+ CD45RA+ rep5	11.16079	0	healthy
5003	209604_s_at	TCEL6 CD4+ CD62L+ CD45RA+	TCEL6 CD4+ CD62L+ CD45RA+ rep6	10.52377	0	healthy
5003	209604_s_at	TCEL6 CD4+ CD62L+ CD45RA+	TCEL6 CD4+ CD62L+ CD45RA+ rep7	11.49166	0	healthy
5003	209604_s_at	TCEL7 CD4+ CD62L- CD45RA-	TCEL7 CD4+ CD62L- CD45RA- rep1	12.37272	0	healthy
5003	209604_s_at	TCEL7 CD4+ CD62L- CD45RA-	TCEL7 CD4+ CD62L- CD45RA- rep2	12.86254	0	healthy
5003	209604_s_at	TCEL7 CD4+ CD62L- CD45RA-	TCEL7 CD4+ CD62L- CD45RA- rep3	13.29783	0	healthy
5003	209604_s_at	TCEL7 CD4+ CD62L- CD45RA-	TCEL7 CD4+ CD62L- CD45RA- rep4	12.37006	0	healthy
5003	209604_s_at	TCEL7 CD4+ CD62L- CD45RA-	TCEL7 CD4+ CD62L- CD45RA- rep5	12.95516	0	healthy
5003	209604_s_at	TCEL7 CD4+ CD62L- CD45RA-	TCEL7 CD4+ CD62L- CD45RA- rep6	11.52909	0	healthy
5003	209604_s_at	TCEL7 CD4+ CD62L- CD45RA-	TCEL7 CD4+ CD62L- CD45RA- rep7	12.05007	0	healthy
5003	209604_s_at	TCEL8 CD4+ CD62L+ CD45RA-	TCEL8 CD4+ CD62L+ CD45RA- rep1	12.32051	0	healthy
5003	209604_s_at	TCEL8 CD4+ CD62L+ CD45RA-	TCEL8 CD4+ CD62L+ CD45RA- rep2	12.61545	0	healthy
5003	209604_s_at	TCEL8 CD4+ CD62L+ CD45RA-	TCEL8 CD4+ CD62L+ CD45RA- rep3	12.66128	0	healthy
5003	209604_s_at	TCEL8 CD4+ CD62L+ CD45RA-	TCEL8 CD4+ CD62L+ CD45RA- rep4	12.89106	0	healthy
5003	209604_s_at	TCEL8 CD4+ CD62L+ CD45RA-	TCEL8 CD4+ CD62L+ CD45RA- rep5	12.53184	0	healthy
5003	209604_s_at	TCEL8 CD4+ CD62L+ CD45RA-	TCEL8 CD4+ CD62L+ CD45RA- rep6	11.58592	0	healthy
5003	209604_s_at	TCEL8 CD4+ CD62L+ CD45RA-	TCEL8 CD4+ CD62L+ CD45RA- rep7	12.47585	0	healthy
